AccountID,OwnerName,BranchID,AccountType,Balance,CreditLimit,CreatedAt,IsActive
ACC0001,Customer_0001,BR001-HCM,Savings,37206749.74,24489185.38,2021-12-04,True
ACC0002,Customer_0002,BR005-HP,Checking,2073242.63,9369523.99,2021-09-20,True
ACC0003,Customer_0003,BR005-HP,Savings,35942970.84,70132497.36,2023-04-15,True
ACC0004,Customer_0004,BR001-HCM,Savings,35057900.05,34025051.65,2021-04-25,True
ACC0005,Customer_0005,BR001-HCM,Savings,19306401.38,35897938.05,2022-10-09,True
ACC0006,Customer_0006,BR004-CT,Business,6678895.06,92229537.2,2020-09-10,True
ACC0007,Customer_0007,BR005-HP,Savings,35376305.89,4582438.37,2021-05-03,True
ACC0008,Customer_0008,BR001-HCM,Checking,14259693.35,63568444.43,2022-03-12,True
ACC0009,Customer_0009,BR002-HN,Business,13715402.19,93665458.77,2020-10-21,True
ACC0010,Customer_0010,BR005-HP,Business,12618140.79,46226021.19,2022-11-23,True
ACC0011,Customer_0011,BR003-DN,Savings,11837879.56,3210024.39,2022-07-09,True
ACC0012,Customer_0012,BR002-HN,Business,43880197.51,31467788.08,2023-07-21,False
ACC0013,Customer_0013,BR002-HN,Checking,7411700.82,74498898.21,2024-05-24,False
ACC0014,Customer_0014,BR005-HP,Checking,18418823.96,99732577.8,2021-09-16,True
ACC0015,Customer_0015,BR001-HCM,Savings,8065645.31,15998200.17,2023-10-03,False
ACC0016,Customer_0016,BR004-CT,Business,49808008.32,52911434.51,2024-01-22,True
ACC0017,Customer_0017,BR005-HP,Checking,38545637.27,34017547.3,2022-07-06,False
ACC0018,Customer_0018,BR001-HCM,Business,43854720.55,26338905.08,2024-03-17,True
ACC0019,Customer_0019,BR003-DN,Business,25629312.66,19891110.18,2022-03-18,True
ACC0020,Customer_0020,BR005-HP,Checking,24685982.55,11186772.53,2022-05-08,True
ACC0021,Customer_0021,BR002-HN,Business,47373997.54,8565345.21,2023-02-25,True
ACC0022,Customer_0022,BR002-HN,Business,24026477.72,54980359.35,2022-09-28,False
ACC0023,Customer_0023,BR002-HN,Business,37885627.23,68986763.21,2022-07-22,True
ACC0024,Customer_0024,BR004-CT,Business,22848564.0,24790561.37,2020-06-01,True
ACC0025,Customer_0025,BR005-HP,Savings,855946.53,70784094.65,2020-04-03,True
ACC0026,Customer_0026,BR003-DN,Savings,25950727.93,27847726.4,2023-04-18,True
ACC0027,Customer_0027,BR005-HP,Business,23897215.8,78461942.43,2023-04-04,True
ACC0028,Customer_0028,BR004-CT,Checking,21467141.84,46702466.8,2020-11-21,True
ACC0029,Customer_0029,BR001-HCM,Checking,36546572.63,80059251.09,2020-04-07,True
ACC0030,Customer_0030,BR005-HP,Checking,7439023.71,18348803.58,2023-04-28,True
ACC0031,Customer_0031,BR004-CT,Business,5346482.05,65214489.4,2024-01-03,True
ACC0032,Customer_0032,BR002-HN,Checking,24539235.71,21374729.92,2023-01-06,False
ACC0033,Customer_0033,BR001-HCM,Checking,13627551.38,78407060.19,2023-05-14,False
ACC0034,Customer_0034,BR002-HN,Savings,15187037.36,96870936.5,2024-12-18,True
ACC0035,Customer_0035,BR003-DN,Savings,2982045.69,47678851.71,2024-03-02,True
ACC0036,Customer_0036,BR002-HN,Savings,29954237.77,67521255.36,2021-07-04,True
ACC0037,Customer_0037,BR005-HP,Business,2467212.28,8198340.55,2024-10-17,True
ACC0038,Customer_0038,BR003-DN,Savings,33651435.75,31418386.28,2022-07-05,True
ACC0039,Customer_0039,BR004-CT,Checking,46486407.42,93573428.74,2020-08-20,True
ACC0040,Customer_0040,BR001-HCM,Business,11051138.46,26520041.48,2022-02-08,True
ACC0041,Customer_0041,BR003-DN,Savings,22190136.36,54321796.23,2022-10-26,True
ACC0042,Customer_0042,BR005-HP,Checking,46621923.95,10358650.19,2021-05-04,True
ACC0043,Customer_0043,BR005-HP,Savings,13981236.51,60482982.7,2022-04-22,True
ACC0044,Customer_0044,BR005-HP,Checking,12930501.98,90815904.62,2020-02-21,False
ACC0045,Customer_0045,BR003-DN,Savings,675511.61,77111922.3,2022-03-24,False
ACC0046,Customer_0046,BR005-HP,Business,21670502.49,966969.96,2020-12-05,True
ACC0047,Customer_0047,BR003-DN,Business,27849992.29,42978671.29,2020-05-12,True
ACC0048,Customer_0048,BR003-DN,Savings,34262301.07,66693341.06,2022-09-28,False
ACC0049,Customer_0049,BR005-HP,Business,8150390.25,92988101.57,2021-03-14,True
ACC0050,Customer_0050,BR002-HN,Business,46262121.11,78238649.61,2023-11-28,True
ACC0051,Customer_0051,BR003-DN,Savings,39475038.2,10809562.64,2020-08-08,True
ACC0052,Customer_0052,BR004-CT,Checking,15606947.93,79534549.92,2021-04-01,True
ACC0053,Customer_0053,BR004-CT,Checking,14290851.52,6942075.47,2022-06-21,False
ACC0054,Customer_0054,BR005-HP,Checking,46992238.45,11534175.19,2022-03-19,True
ACC0055,Customer_0055,BR001-HCM,Savings,30030277.12,34568711.17,2022-07-20,True
ACC0056,Customer_0056,BR004-CT,Business,9908899.34,4438653.37,2023-01-17,True
ACC0057,Customer_0057,BR003-DN,Checking,3963703.65,66423768.49,2022-10-11,True
ACC0058,Customer_0058,BR003-DN,Business,15809590.78,40839290.86,2023-12-10,True
ACC0059,Customer_0059,BR002-HN,Checking,33414006.99,37914527.71,2021-10-19,True
ACC0060,Customer_0060,BR004-CT,Business,41769395.88,30387494.93,2021-07-26,True
ACC0061,Customer_0061,BR004-CT,Checking,22386910.07,21370140.1,2023-12-06,True
ACC0062,Customer_0062,BR003-DN,Business,33360764.9,61926080.54,2020-04-22,True
ACC0063,Customer_0063,BR002-HN,Savings,7794021.13,4621371.81,2023-10-28,True
ACC0064,Customer_0064,BR004-CT,Checking,44363777.0,57567089.94,2023-08-13,True
ACC0065,Customer_0065,BR002-HN,Business,34537309.45,89265982.62,2020-07-08,True
ACC0066,Customer_0066,BR005-HP,Checking,2985810.06,24919827.97,2020-08-05,False
ACC0067,Customer_0067,BR005-HP,Business,29974889.76,95003960.84,2023-10-27,False
ACC0068,Customer_0068,BR005-HP,Checking,44911801.11,74365544.22,2023-08-09,True
ACC0069,Customer_0069,BR003-DN,Business,24487552.34,23924586.38,2023-02-23,True
ACC0070,Customer_0070,BR002-HN,Checking,17124453.06,89302683.28,2020-03-05,True
ACC0071,Customer_0071,BR004-CT,Business,8063860.7,21395287.71,2023-07-11,False
ACC0072,Customer_0072,BR004-CT,Savings,10738302.28,42014351.78,2024-12-01,False
ACC0073,Customer_0073,BR004-CT,Savings,47165712.04,29861265.24,2023-07-18,True
ACC0074,Customer_0074,BR004-CT,Savings,14010297.93,48564199.38,2023-06-22,False
ACC0075,Customer_0075,BR002-HN,Checking,46017310.22,98072197.75,2024-01-13,True
ACC0076,Customer_0076,BR001-HCM,Business,21716332.1,86685135.56,2021-01-09,False
ACC0077,Customer_0077,BR003-DN,Savings,23007616.59,33750054.81,2023-05-25,False
ACC0078,Customer_0078,BR003-DN,Savings,23780188.39,74902426.11,2020-06-08,True
ACC0079,Customer_0079,BR001-HCM,Savings,47505780.77,19936068.24,2020-10-05,True
ACC0080,Customer_0080,BR002-HN,Checking,33638212.81,56396958.19,2021-08-23,True
ACC0081,Customer_0081,BR003-DN,Savings,30491688.28,96373474.41,2020-03-10,True
ACC0082,Customer_0082,BR005-HP,Savings,46479914.84,57579672.84,2023-07-23,True
ACC0083,Customer_0083,BR001-HCM,Business,34685413.59,62724239.56,2020-12-25,True
ACC0084,Customer_0084,BR005-HP,Savings,39913247.22,56593255.54,2020-06-18,False
ACC0085,Customer_0085,BR003-DN,Savings,25545059.09,34123117.49,2023-08-04,False
ACC0086,Customer_0086,BR003-DN,Business,44632963.23,45973934.76,2021-07-06,True
ACC0087,Customer_0087,BR005-HP,Business,38844751.79,46487377.16,2024-05-11,True
ACC0088,Customer_0088,BR001-HCM,Checking,44140743.61,24386343.92,2023-10-20,False
ACC0089,Customer_0089,BR003-DN,Savings,24968171.93,32501416.79,2023-04-12,True
ACC0090,Customer_0090,BR003-DN,Checking,44075839.0,70118375.03,2022-09-01,True
ACC0091,Customer_0091,BR001-HCM,Savings,36143695.87,48857784.68,2021-12-16,False
ACC0092,Customer_0092,BR004-CT,Savings,5106140.85,22159640.05,2021-05-22,True
ACC0093,Customer_0093,BR004-CT,Business,26780635.59,42550381.27,2024-06-12,False
ACC0094,Customer_0094,BR003-DN,Checking,12944481.97,12065588.48,2021-06-04,True
ACC0095,Customer_0095,BR002-HN,Savings,37060930.35,27649962.7,2024-09-20,True
ACC0096,Customer_0096,BR001-HCM,Savings,15164199.93,36088106.91,2022-01-23,True
ACC0097,Customer_0097,BR003-DN,Savings,48727599.09,55335896.68,2021-11-28,False
ACC0098,Customer_0098,BR001-HCM,Savings,28916178.87,46939694.49,2023-06-06,True
ACC0099,Customer_0099,BR003-DN,Checking,6147313.47,6534343.51,2023-02-19,True
ACC0100,Customer_0100,BR002-HN,Savings,40651532.78,94912564.24,2020-04-04,False
ACC0101,Customer_0101,BR005-HP,Business,39641671.08,22568713.71,2024-07-15,False
ACC0102,Customer_0102,BR003-DN,Business,49506547.39,30538024.43,2024-01-20,True
ACC0103,Customer_0103,BR002-HN,Business,10945747.17,66042813.72,2021-04-06,True
ACC0104,Customer_0104,BR002-HN,Savings,20721619.85,68937113.58,2023-05-02,True
ACC0105,Customer_0105,BR003-DN,Business,14494559.47,85960673.13,2020-11-08,True
ACC0106,Customer_0106,BR005-HP,Business,40293331.17,19781921.38,2020-09-08,True
ACC0107,Customer_0107,BR003-DN,Savings,4034786.92,16592278.92,2022-10-24,True
ACC0108,Customer_0108,BR004-CT,Savings,23700549.53,30409119.05,2023-05-17,False
ACC0109,Customer_0109,BR004-CT,Savings,30102814.77,88942288.93,2022-10-09,True
ACC0110,Customer_0110,BR001-HCM,Savings,48114599.56,83595861.39,2024-10-01,True
ACC0111,Customer_0111,BR005-HP,Savings,38273895.71,17519072.79,2024-11-15,True
ACC0112,Customer_0112,BR002-HN,Business,22076306.86,81424494.45,2020-08-12,False
ACC0113,Customer_0113,BR003-DN,Checking,33671608.72,85773309.44,2022-07-23,False
ACC0114,Customer_0114,BR003-DN,Business,47287080.21,81356603.47,2024-01-15,True
ACC0115,Customer_0115,BR003-DN,Checking,16502052.42,97018472.68,2023-09-27,True
ACC0116,Customer_0116,BR005-HP,Checking,20955754.75,18758254.14,2022-10-25,False
ACC0117,Customer_0117,BR004-CT,Savings,10576132.8,54921963.91,2022-08-23,False
ACC0118,Customer_0118,BR001-HCM,Savings,48670767.38,60887166.71,2021-12-06,True
ACC0119,Customer_0119,BR005-HP,Savings,27836444.75,9320920.13,2020-08-04,True
ACC0120,Customer_0120,BR004-CT,Business,14947147.23,70541162.99,2023-08-16,True
ACC0121,Customer_0121,BR004-CT,Business,7659777.44,19061037.09,2024-09-24,True
ACC0122,Customer_0122,BR001-HCM,Checking,38747419.07,85441238.0,2022-09-09,True
ACC0123,Customer_0123,BR003-DN,Business,15278514.56,58693772.24,2023-03-15,False
ACC0124,Customer_0124,BR003-DN,Checking,27819912.15,54343006.3,2023-06-28,True
ACC0125,Customer_0125,BR002-HN,Business,19457057.02,85601297.6,2023-01-11,False
ACC0126,Customer_0126,BR004-CT,Checking,49426493.1,79239366.07,2021-08-02,True
ACC0127,Customer_0127,BR005-HP,Business,16933737.84,10036460.22,2023-02-17,False
ACC0128,Customer_0128,BR001-HCM,Business,7635693.09,87093297.13,2021-02-16,True
ACC0129,Customer_0129,BR003-DN,Business,34788877.63,64983665.26,2022-11-28,False
ACC0130,Customer_0130,BR003-DN,Business,36076512.55,75940180.93,2024-01-20,True
ACC0131,Customer_0131,BR002-HN,Business,34377778.93,28737900.4,2021-12-03,False
ACC0132,Customer_0132,BR001-HCM,Business,35342596.05,10050724.03,2021-12-10,True
ACC0133,Customer_0133,BR001-HCM,Checking,39909101.53,29336777.6,2022-07-05,True
ACC0134,Customer_0134,BR005-HP,Checking,28513439.06,79251947.39,2021-03-03,False
ACC0135,Customer_0135,BR005-HP,Business,12421074.7,91282901.6,2021-04-15,True
ACC0136,Customer_0136,BR004-CT,Checking,33508615.5,89890853.17,2023-05-22,True
ACC0137,Customer_0137,BR001-HCM,Checking,47289163.93,98765169.52,2022-11-14,True
ACC0138,Customer_0138,BR004-CT,Checking,10361241.46,38469324.9,2023-02-08,False
ACC0139,Customer_0139,BR005-HP,Checking,28953190.54,99269204.36,2022-01-27,False
ACC0140,Customer_0140,BR003-DN,Savings,28513486.34,68579949.27,2020-10-24,False
ACC0141,Customer_0141,BR003-DN,Savings,30549717.41,35232095.58,2021-10-09,True
ACC0142,Customer_0142,BR001-HCM,Business,32493860.14,30893288.4,2023-01-19,True
ACC0143,Customer_0143,BR002-HN,Savings,45526576.71,32671912.57,2023-03-07,True
ACC0144,Customer_0144,BR005-HP,Checking,26777192.5,91348697.45,2021-05-27,False
ACC0145,Customer_0145,BR003-DN,Business,43584649.49,80423253.86,2023-02-05,True
ACC0146,Customer_0146,BR004-CT,Business,18605864.95,79068196.86,2020-05-18,True
ACC0147,Customer_0147,BR004-CT,Checking,33805004.9,67234079.74,2024-07-27,True
ACC0148,Customer_0148,BR001-HCM,Business,12074184.16,2502464.96,2024-06-20,True
ACC0149,Customer_0149,BR001-HCM,Business,41280839.89,90938763.84,2022-11-14,True
ACC0150,Customer_0150,BR002-HN,Savings,47339945.88,30436458.44,2023-02-04,True
ACC0151,Customer_0151,BR005-HP,Savings,19737968.64,37101151.55,2024-07-19,True
ACC0152,Customer_0152,BR004-CT,Business,5401570.92,48934703.78,2023-05-02,True
ACC0153,Customer_0153,BR002-HN,Checking,22512445.06,23611263.82,2022-02-22,True
ACC0154,Customer_0154,BR005-HP,Business,18254355.14,39813964.27,2021-02-28,False
ACC0155,Customer_0155,BR001-HCM,Business,10999237.86,63949291.85,2020-01-26,True
ACC0156,Customer_0156,BR002-HN,Savings,39455415.95,20520557.51,2024-04-19,True
ACC0157,Customer_0157,BR002-HN,Checking,38831244.6,78864375.43,2024-01-09,True
ACC0158,Customer_0158,BR002-HN,Business,12907382.74,17449712.09,2020-03-01,True
ACC0159,Customer_0159,BR002-HN,Business,16526687.37,17424620.14,2020-03-24,False
ACC0160,Customer_0160,BR005-HP,Savings,37410431.11,47624596.54,2022-09-19,True
ACC0161,Customer_0161,BR004-CT,Business,11466712.94,61510683.63,2024-05-15,True
ACC0162,Customer_0162,BR001-HCM,Checking,42441277.89,42627361.93,2020-08-23,False
ACC0163,Customer_0163,BR001-HCM,Savings,16444535.08,14833382.57,2021-05-20,True
ACC0164,Customer_0164,BR004-CT,Business,26762563.45,45371541.76,2024-07-04,True
ACC0165,Customer_0165,BR005-HP,Business,43341869.63,43006994.17,2021-07-11,False
ACC0166,Customer_0166,BR004-CT,Checking,36615819.13,31254835.0,2022-11-09,True
ACC0167,Customer_0167,BR002-HN,Business,46187759.27,6713330.81,2020-02-14,True
ACC0168,Customer_0168,BR003-DN,Savings,28040351.41,58646508.27,2024-09-11,True
ACC0169,Customer_0169,BR004-CT,Checking,43743564.93,94112986.89,2023-12-02,True
ACC0170,Customer_0170,BR005-HP,Checking,17906486.19,57791851.84,2021-03-22,False
ACC0171,Customer_0171,BR002-HN,Savings,17830642.71,55626547.61,2020-05-19,True
ACC0172,Customer_0172,BR004-CT,Business,48740056.81,81842685.95,2024-11-21,True
ACC0173,Customer_0173,BR005-HP,Business,41558309.1,26744772.52,2021-05-23,True
ACC0174,Customer_0174,BR003-DN,Checking,802236.58,86986270.65,2024-11-13,True
ACC0175,Customer_0175,BR002-HN,Business,31842014.63,3065709.84,2024-04-13,False
ACC0176,Customer_0176,BR004-CT,Checking,8291759.15,31163736.97,2022-10-20,True
ACC0177,Customer_0177,BR001-HCM,Savings,8291789.91,61783818.19,2020-05-15,False
ACC0178,Customer_0178,BR004-CT,Business,22381187.24,27316684.44,2024-02-12,False
ACC0179,Customer_0179,BR001-HCM,Checking,34071785.7,59313425.04,2024-11-10,True
ACC0180,Customer_0180,BR002-HN,Checking,49230060.09,5478195.85,2021-05-07,True
ACC0181,Customer_0181,BR003-DN,Checking,16742056.62,772990.66,2023-03-05,False
ACC0182,Customer_0182,BR005-HP,Business,11890480.45,55872356.77,2022-02-13,True
ACC0183,Customer_0183,BR004-CT,Savings,23257835.39,7786261.19,2022-10-14,False
ACC0184,Customer_0184,BR004-CT,Checking,6201081.95,2085655.9,2022-03-26,False
ACC0185,Customer_0185,BR003-DN,Savings,22117233.09,10586313.34,2023-10-13,True
ACC0186,Customer_0186,BR004-CT,Checking,37417338.91,22157205.89,2021-02-17,True
ACC0187,Customer_0187,BR005-HP,Business,10098233.46,77622822.93,2022-12-27,True
ACC0188,Customer_0188,BR002-HN,Savings,7748988.8,19727180.28,2024-03-25,True
ACC0189,Customer_0189,BR002-HN,Business,24958792.74,75444582.52,2024-08-22,True
ACC0190,Customer_0190,BR003-DN,Savings,22268259.41,46892108.35,2022-05-19,True
ACC0191,Customer_0191,BR003-DN,Business,4172437.48,46174248.64,2020-01-12,True
ACC0192,Customer_0192,BR001-HCM,Business,43280376.68,85529337.15,2024-10-17,False
ACC0193,Customer_0193,BR004-CT,Business,27938660.38,79181779.73,2020-08-26,True
ACC0194,Customer_0194,BR003-DN,Business,24043636.88,15086107.67,2020-08-04,True
ACC0195,Customer_0195,BR001-HCM,Business,32483291.01,3914212.62,2023-08-17,True
ACC0196,Customer_0196,BR003-DN,Checking,45937871.06,38741655.95,2022-11-20,True
ACC0197,Customer_0197,BR003-DN,Savings,16819692.38,55796321.24,2023-05-09,True
ACC0198,Customer_0198,BR003-DN,Savings,29345605.97,14142838.06,2022-05-21,False
ACC0199,Customer_0199,BR002-HN,Business,35587283.71,8471901.2,2024-07-21,True
ACC0200,Customer_0200,BR002-HN,Business,35290128.17,94710862.44,2024-02-21,False
ACC0201,Customer_0201,BR005-HP,Checking,1402411.62,30886607.01,2021-06-25,False
ACC0202,Customer_0202,BR002-HN,Savings,49998842.74,15494517.29,2022-02-17,True
ACC0203,Customer_0203,BR003-DN,Business,6986927.55,37671987.08,2021-03-27,True
ACC0204,Customer_0204,BR004-CT,Savings,20837501.27,67636292.22,2021-08-20,True
ACC0205,Customer_0205,BR004-CT,Savings,26933551.91,30946789.66,2023-04-12,False
ACC0206,Customer_0206,BR004-CT,Checking,39017139.84,50290669.15,2023-03-27,True
ACC0207,Customer_0207,BR005-HP,Savings,43713595.04,5217980.33,2023-06-18,True
ACC0208,Customer_0208,BR005-HP,Savings,14610619.2,76311683.03,2022-08-17,True
ACC0209,Customer_0209,BR004-CT,Savings,47347456.52,22203800.69,2023-06-01,False
ACC0210,Customer_0210,BR001-HCM,Checking,25349352.18,23577807.39,2020-06-08,True
ACC0211,Customer_0211,BR003-DN,Savings,42039226.24,64996068.43,2021-03-02,True
ACC0212,Customer_0212,BR004-CT,Business,41639969.05,75884115.48,2023-08-20,True
ACC0213,Customer_0213,BR001-HCM,Savings,13168234.46,83496309.93,2024-12-20,False
ACC0214,Customer_0214,BR001-HCM,Checking,12263191.22,12184834.52,2021-07-21,False
ACC0215,Customer_0215,BR001-HCM,Savings,41916042.17,49982922.22,2024-01-21,True
ACC0216,Customer_0216,BR002-HN,Checking,21747325.21,61480958.28,2021-10-14,True
ACC0217,Customer_0217,BR001-HCM,Business,48745397.3,6767932.29,2024-09-17,True
ACC0218,Customer_0218,BR004-CT,Checking,2654954.05,38688132.15,2022-05-24,True
ACC0219,Customer_0219,BR003-DN,Savings,17567723.41,73294102.15,2020-10-24,True
ACC0220,Customer_0220,BR002-HN,Savings,17938802.78,33854725.82,2021-11-15,False
ACC0221,Customer_0221,BR002-HN,Savings,3623476.58,77619039.97,2023-01-10,True
ACC0222,Customer_0222,BR001-HCM,Savings,44346624.09,31559582.0,2022-09-13,False
ACC0223,Customer_0223,BR003-DN,Savings,37787900.48,19110343.07,2022-01-28,True
ACC0224,Customer_0224,BR003-DN,Savings,40067449.37,43695138.31,2023-12-15,False
ACC0225,Customer_0225,BR003-DN,Savings,25062059.71,49752339.25,2024-05-26,True
ACC0226,Customer_0226,BR004-CT,Savings,21815054.02,99509816.48,2021-09-10,True
ACC0227,Customer_0227,BR001-HCM,Savings,16732035.31,29563994.93,2023-10-23,False
ACC0228,Customer_0228,BR002-HN,Business,22473464.86,44712965.97,2022-10-14,True
ACC0229,Customer_0229,BR001-HCM,Savings,33723602.5,40621023.15,2024-12-22,True
ACC0230,Customer_0230,BR001-HCM,Savings,42509130.84,67808887.2,2023-01-05,True
ACC0231,Customer_0231,BR002-HN,Business,18633259.42,38285440.17,2024-01-20,True
ACC0232,Customer_0232,BR004-CT,Checking,18914662.23,76308447.18,2024-03-17,True
ACC0233,Customer_0233,BR004-CT,Checking,32653256.47,24961165.31,2020-01-24,True
ACC0234,Customer_0234,BR004-CT,Business,19655875.31,56167271.08,2022-05-23,False
ACC0235,Customer_0235,BR002-HN,Business,14636055.45,91647890.95,2023-04-04,True
ACC0236,Customer_0236,BR001-HCM,Checking,9046490.02,71336989.44,2020-11-28,True
ACC0237,Customer_0237,BR003-DN,Business,3714484.38,54217136.12,2022-03-23,True
ACC0238,Customer_0238,BR003-DN,Business,11599959.95,98513254.67,2021-04-26,False
ACC0239,Customer_0239,BR001-HCM,Checking,27924061.14,36891116.55,2024-03-20,True
ACC0240,Customer_0240,BR001-HCM,Checking,20208919.05,71693359.85,2023-09-14,False
ACC0241,Customer_0241,BR005-HP,Savings,6703675.72,31702767.05,2020-08-15,True
ACC0242,Customer_0242,BR002-HN,Business,32169799.5,18196313.66,2021-07-17,True
ACC0243,Customer_0243,BR001-HCM,Business,8074265.61,16465707.99,2022-12-08,True
ACC0244,Customer_0244,BR005-HP,Checking,42373718.45,25060530.9,2024-05-05,True
ACC0245,Customer_0245,BR005-HP,Business,5124706.14,64098742.73,2024-10-05,True
ACC0246,Customer_0246,BR005-HP,Business,45149044.24,33761958.66,2024-01-27,True
ACC0247,Customer_0247,BR001-HCM,Savings,47453069.27,77102236.88,2022-11-07,False
ACC0248,Customer_0248,BR005-HP,Business,1999151.98,88899688.14,2024-05-21,True
ACC0249,Customer_0249,BR004-CT,Savings,40332063.63,68499084.12,2022-08-03,True
ACC0250,Customer_0250,BR002-HN,Checking,21073276.44,46444215.78,2022-10-05,True
ACC0251,Customer_0251,BR003-DN,Business,49407156.79,34537056.07,2023-03-25,True
ACC0252,Customer_0252,BR005-HP,Business,5756104.71,24173786.09,2020-05-15,True
ACC0253,Customer_0253,BR002-HN,Savings,3004961.94,94538489.27,2024-07-08,True
ACC0254,Customer_0254,BR003-DN,Business,36195857.23,18983410.12,2021-08-17,False
ACC0255,Customer_0255,BR004-CT,Checking,25119828.52,9004909.5,2023-09-15,True
ACC0256,Customer_0256,BR002-HN,Business,17968306.9,5054040.46,2023-10-27,False
ACC0257,Customer_0257,BR003-DN,Business,904781.59,10749708.44,2021-05-24,True
ACC0258,Customer_0258,BR004-CT,Checking,2739498.53,5115768.74,2024-04-12,True
ACC0259,Customer_0259,BR001-HCM,Checking,25460648.69,76440411.47,2022-10-22,True
ACC0260,Customer_0260,BR002-HN,Savings,19998233.78,79489722.84,2022-09-12,True
ACC0261,Customer_0261,BR002-HN,Business,25701564.55,50007790.36,2020-01-05,True
ACC0262,Customer_0262,BR004-CT,Business,23120933.68,60626052.24,2024-03-11,True
ACC0263,Customer_0263,BR002-HN,Checking,49535479.01,73931936.06,2022-10-11,False
ACC0264,Customer_0264,BR005-HP,Checking,24007183.7,1663695.55,2022-11-04,False
ACC0265,Customer_0265,BR005-HP,Checking,39939363.29,72532421.26,2020-10-16,True
ACC0266,Customer_0266,BR005-HP,Business,11763389.65,5135516.51,2023-03-17,False
ACC0267,Customer_0267,BR002-HN,Business,12488729.73,57257027.14,2020-04-01,False
ACC0268,Customer_0268,BR003-DN,Checking,7995847.28,69050026.09,2023-09-25,False
ACC0269,Customer_0269,BR001-HCM,Business,7335083.05,20734170.5,2022-11-16,False
ACC0270,Customer_0270,BR003-DN,Savings,23253344.83,53312706.46,2024-06-22,True
ACC0271,Customer_0271,BR005-HP,Checking,10017076.37,24651913.55,2024-05-08,True
ACC0272,Customer_0272,BR003-DN,Business,10760250.85,70498825.97,2022-08-12,True
ACC0273,Customer_0273,BR003-DN,Savings,28887101.79,54319087.7,2023-06-25,True
ACC0274,Customer_0274,BR003-DN,Savings,14737701.91,71414128.75,2022-08-21,True
ACC0275,Customer_0275,BR004-CT,Savings,10502366.36,53857792.37,2024-12-09,True
ACC0276,Customer_0276,BR001-HCM,Business,37174103.35,23928206.59,2020-11-17,True
ACC0277,Customer_0277,BR002-HN,Savings,5459798.97,33029362.35,2023-02-22,True
ACC0278,Customer_0278,BR001-HCM,Business,48906580.24,15794107.62,2023-08-21,True
ACC0279,Customer_0279,BR003-DN,Checking,14628059.39,5916258.62,2020-11-19,True
ACC0280,Customer_0280,BR005-HP,Business,36294325.07,93666937.98,2021-07-27,True
ACC0281,Customer_0281,BR001-HCM,Checking,39504051.18,18631163.19,2022-01-01,True
ACC0282,Customer_0282,BR005-HP,Business,5811384.19,98299388.84,2022-08-21,False
ACC0283,Customer_0283,BR002-HN,Business,23667028.07,19281139.83,2020-06-06,False
ACC0284,Customer_0284,BR003-DN,Business,9716853.92,73661789.55,2022-10-22,True
ACC0285,Customer_0285,BR002-HN,Business,42879251.96,89704276.18,2023-09-11,True
ACC0286,Customer_0286,BR004-CT,Business,5221562.74,98168519.24,2023-06-08,True
ACC0287,Customer_0287,BR003-DN,Checking,12158302.01,75375665.18,2022-05-19,True
ACC0288,Customer_0288,BR003-DN,Business,18297828.48,23630257.74,2020-08-10,True
ACC0289,Customer_0289,BR004-CT,Business,25374763.33,89511836.98,2022-12-04,True
ACC0290,Customer_0290,BR003-DN,Business,11432037.38,95736053.69,2023-03-15,True
ACC0291,Customer_0291,BR004-CT,Business,27687108.19,47082807.69,2024-11-27,True
ACC0292,Customer_0292,BR002-HN,Business,37859607.71,87313505.85,2020-09-15,True
ACC0293,Customer_0293,BR001-HCM,Business,6054335.18,82877405.4,2024-04-19,True
ACC0294,Customer_0294,BR002-HN,Checking,42797057.37,44184055.27,2021-12-19,False
ACC0295,Customer_0295,BR001-HCM,Business,22551393.26,5563580.58,2021-09-14,False
ACC0296,Customer_0296,BR005-HP,Savings,28160461.35,67276771.22,2022-12-01,False
ACC0297,Customer_0297,BR003-DN,Savings,37417321.9,57831126.51,2020-07-12,True
ACC0298,Customer_0298,BR005-HP,Savings,46761848.54,6901914.62,2023-01-10,False
ACC0299,Customer_0299,BR002-HN,Savings,38408470.3,97833328.49,2023-06-13,False
ACC0300,Customer_0300,BR004-CT,Checking,4472374.64,96414437.64,2024-03-21,True
ACC0301,Customer_0301,BR001-HCM,Savings,49645915.42,39305863.18,2021-12-08,True
ACC0302,Customer_0302,BR001-HCM,Checking,23418693.11,71909397.5,2023-09-13,True
ACC0303,Customer_0303,BR002-HN,Checking,17634906.88,27564972.78,2020-01-26,False
ACC0304,Customer_0304,BR005-HP,Savings,12412981.56,6729090.29,2024-01-15,True
ACC0305,Customer_0305,BR002-HN,Business,2689718.14,43896281.15,2024-04-25,True
ACC0306,Customer_0306,BR002-HN,Business,49677430.34,23416151.71,2024-06-19,True
ACC0307,Customer_0307,BR002-HN,Checking,43874786.95,98569556.07,2024-04-14,True
ACC0308,Customer_0308,BR003-DN,Savings,28057546.85,59166712.22,2021-11-22,False
ACC0309,Customer_0309,BR005-HP,Checking,2820762.8,34441482.98,2023-09-11,False
ACC0310,Customer_0310,BR004-CT,Savings,15344480.47,18387897.87,2024-08-08,True
ACC0311,Customer_0311,BR003-DN,Business,7645411.58,46302515.95,2020-09-14,False
ACC0312,Customer_0312,BR005-HP,Business,7137591.18,24285851.61,2021-06-21,True
ACC0313,Customer_0313,BR004-CT,Checking,5076967.83,72458471.23,2021-01-09,False
ACC0314,Customer_0314,BR005-HP,Business,2457603.93,7278432.84,2024-12-22,True
ACC0315,Customer_0315,BR004-CT,Savings,43538955.65,33296431.08,2020-04-07,True
ACC0316,Customer_0316,BR004-CT,Savings,34933501.14,70376858.27,2023-04-18,True
ACC0317,Customer_0317,BR003-DN,Checking,23579397.81,64872134.0,2022-05-12,False
ACC0318,Customer_0318,BR004-CT,Savings,40239422.78,72241357.32,2022-04-12,True
ACC0319,Customer_0319,BR004-CT,Savings,28344974.01,22127409.83,2021-01-09,False
ACC0320,Customer_0320,BR003-DN,Savings,10211493.24,23001862.6,2024-04-16,True
ACC0321,Customer_0321,BR003-DN,Checking,48342159.23,64169445.44,2023-08-06,True
ACC0322,Customer_0322,BR002-HN,Savings,36155519.77,48831632.13,2024-11-02,True
ACC0323,Customer_0323,BR001-HCM,Business,2901462.51,638382.44,2021-11-08,True
ACC0324,Customer_0324,BR002-HN,Savings,11326623.79,45600965.9,2020-10-21,False
ACC0325,Customer_0325,BR004-CT,Savings,827311.67,55164356.09,2020-01-17,True
ACC0326,Customer_0326,BR005-HP,Checking,1348558.58,81315722.09,2023-03-04,True
ACC0327,Customer_0327,BR005-HP,Savings,12427957.2,61978084.24,2022-06-09,False
ACC0328,Customer_0328,BR001-HCM,Checking,47985240.81,45899774.56,2021-12-08,True
ACC0329,Customer_0329,BR001-HCM,Business,49587897.91,64989445.18,2020-02-13,False
ACC0330,Customer_0330,BR004-CT,Business,24062252.46,63674807.56,2021-02-16,False
ACC0331,Customer_0331,BR003-DN,Business,48877796.55,97383974.56,2024-01-08,True
ACC0332,Customer_0332,BR005-HP,Checking,13919205.11,92415926.66,2022-09-19,True
ACC0333,Customer_0333,BR002-HN,Checking,1275075.71,20715811.54,2021-12-27,False
ACC0334,Customer_0334,BR001-HCM,Checking,8541287.41,24047219.43,2023-11-18,True
ACC0335,Customer_0335,BR004-CT,Business,7427554.41,98847795.79,2020-09-24,True
ACC0336,Customer_0336,BR001-HCM,Savings,22135868.52,83867465.76,2022-10-25,False
ACC0337,Customer_0337,BR003-DN,Savings,31889085.9,78354813.9,2023-08-08,True
ACC0338,Customer_0338,BR005-HP,Checking,21876473.34,67969485.81,2023-02-25,True
ACC0339,Customer_0339,BR002-HN,Business,4138580.84,26797203.09,2023-12-26,True
ACC0340,Customer_0340,BR004-CT,Checking,18354661.29,9152042.87,2022-08-12,True
ACC0341,Customer_0341,BR001-HCM,Savings,4821213.0,43097951.6,2024-09-17,False
ACC0342,Customer_0342,BR001-HCM,Savings,4936132.68,55421980.54,2024-10-26,True
ACC0343,Customer_0343,BR004-CT,Savings,14946443.89,38779955.94,2020-12-18,True
ACC0344,Customer_0344,BR005-HP,Business,8894354.71,38073202.35,2021-05-10,True
ACC0345,Customer_0345,BR004-CT,Savings,3631723.94,43467626.93,2023-05-16,True
ACC0346,Customer_0346,BR003-DN,Checking,47239003.63,72089945.25,2023-10-20,True
ACC0347,Customer_0347,BR004-CT,Savings,7206731.52,676736.94,2023-06-27,False
ACC0348,Customer_0348,BR003-DN,Checking,17069443.08,81547547.0,2024-03-10,True
ACC0349,Customer_0349,BR005-HP,Business,10442148.69,31418328.12,2023-06-10,False
ACC0350,Customer_0350,BR005-HP,Savings,16631368.75,28030014.65,2023-06-04,True
ACC0351,Customer_0351,BR005-HP,Business,9406397.02,76761790.77,2020-12-15,True
ACC0352,Customer_0352,BR004-CT,Checking,41648449.53,6915867.19,2023-11-16,True
ACC0353,Customer_0353,BR003-DN,Savings,13007743.4,15414323.45,2023-07-03,False
ACC0354,Customer_0354,BR005-HP,Checking,29321078.95,53436740.12,2023-09-02,True
ACC0355,Customer_0355,BR005-HP,Business,32089928.17,8498193.41,2021-11-22,True
ACC0356,Customer_0356,BR002-HN,Business,30827556.16,56322029.22,2023-06-26,False
ACC0357,Customer_0357,BR001-HCM,Savings,5381024.65,22200107.95,2024-09-19,True
ACC0358,Customer_0358,BR004-CT,Checking,19861141.35,77234223.25,2024-12-17,True
ACC0359,Customer_0359,BR003-DN,Savings,24397168.68,29543222.05,2020-02-27,True
ACC0360,Customer_0360,BR003-DN,Checking,17481800.7,78426999.75,2024-08-12,False
ACC0361,Customer_0361,BR001-HCM,Checking,36238700.19,45244719.33,2020-05-02,True
ACC0362,Customer_0362,BR001-HCM,Checking,32574510.91,67713933.29,2021-12-08,True
ACC0363,Customer_0363,BR005-HP,Savings,16883987.95,42636938.36,2023-04-26,False
ACC0364,Customer_0364,BR002-HN,Savings,32203704.39,43213445.24,2020-12-20,True
ACC0365,Customer_0365,BR004-CT,Business,21762865.63,445004.33,2021-04-09,True
ACC0366,Customer_0366,BR005-HP,Savings,40075366.67,53688901.06,2022-06-07,False
ACC0367,Customer_0367,BR001-HCM,Checking,33699720.7,48948397.88,2022-10-13,False
ACC0368,Customer_0368,BR005-HP,Savings,17722269.55,84551780.27,2024-03-27,True
ACC0369,Customer_0369,BR005-HP,Business,4695222.45,13394776.97,2020-04-10,True
ACC0370,Customer_0370,BR002-HN,Checking,34825108.81,51082486.95,2023-10-05,False
ACC0371,Customer_0371,BR004-CT,Savings,24590175.68,53737927.0,2021-09-06,False
ACC0372,Customer_0372,BR003-DN,Savings,9761379.71,84198521.41,2024-01-28,True
ACC0373,Customer_0373,BR001-HCM,Checking,7258468.38,81521594.07,2024-09-21,False
ACC0374,Customer_0374,BR004-CT,Business,24840431.06,71014237.28,2023-08-06,True
ACC0375,Customer_0375,BR005-HP,Savings,39896104.04,22052950.63,2020-05-08,True
ACC0376,Customer_0376,BR002-HN,Checking,28499697.83,77254763.82,2023-09-17,True
ACC0377,Customer_0377,BR005-HP,Savings,13760501.01,54310618.21,2022-09-27,True
ACC0378,Customer_0378,BR004-CT,Business,11317825.78,42515468.67,2021-05-28,True
ACC0379,Customer_0379,BR004-CT,Checking,17754560.35,81672858.51,2023-02-25,True
ACC0380,Customer_0380,BR002-HN,Business,29602232.9,35063084.11,2024-11-14,True
ACC0381,Customer_0381,BR005-HP,Savings,39350040.84,81352986.55,2020-10-12,True
ACC0382,Customer_0382,BR005-HP,Business,8834679.55,97900015.64,2022-05-19,True
ACC0383,Customer_0383,BR005-HP,Business,40851454.84,13558890.64,2023-01-09,True
ACC0384,Customer_0384,BR002-HN,Savings,7739050.45,32209671.16,2021-11-13,False
ACC0385,Customer_0385,BR002-HN,Business,31803898.13,62781282.08,2023-08-03,True
ACC0386,Customer_0386,BR004-CT,Business,37615217.95,69470361.57,2022-08-16,True
ACC0387,Customer_0387,BR005-HP,Savings,43510934.26,84716732.6,2020-12-15,True
ACC0388,Customer_0388,BR001-HCM,Business,20186935.48,96812858.01,2021-08-09,True
ACC0389,Customer_0389,BR003-DN,Checking,27591871.5,13059425.03,2023-06-22,True
ACC0390,Customer_0390,BR001-HCM,Savings,31495886.35,83670217.89,2020-02-28,True
ACC0391,Customer_0391,BR004-CT,Checking,533458.61,95803176.93,2021-12-05,True
ACC0392,Customer_0392,BR002-HN,Checking,5120329.23,36043538.34,2020-06-22,True
ACC0393,Customer_0393,BR001-HCM,Checking,31467411.57,72598836.35,2021-07-21,True
ACC0394,Customer_0394,BR001-HCM,Savings,11064348.26,7793872.16,2024-04-17,False
ACC0395,Customer_0395,BR001-HCM,Savings,34932056.81,81710902.69,2023-12-05,False
ACC0396,Customer_0396,BR001-HCM,Savings,19461961.32,73076338.18,2020-02-11,True
ACC0397,Customer_0397,BR003-DN,Savings,19444691.97,81336792.37,2021-11-22,True
ACC0398,Customer_0398,BR001-HCM,Business,28382915.12,61031923.93,2021-08-12,True
ACC0399,Customer_0399,BR002-HN,Checking,30995762.62,44238386.94,2021-02-04,True
ACC0400,Customer_0400,BR001-HCM,Business,36635452.87,35153564.04,2023-06-26,True
ACC0401,Customer_0401,BR002-HN,Checking,32408718.13,24816702.72,2024-10-24,True
ACC0402,Customer_0402,BR001-HCM,Business,43853445.81,20544571.82,2024-09-07,False
ACC0403,Customer_0403,BR003-DN,Business,3201171.99,89791256.04,2021-08-13,True
ACC0404,Customer_0404,BR002-HN,Checking,32085075.33,7101200.17,2020-06-11,True
ACC0405,Customer_0405,BR004-CT,Business,21332744.95,54635622.12,2021-08-25,True
ACC0406,Customer_0406,BR001-HCM,Business,3842862.18,26218527.72,2020-01-26,False
ACC0407,Customer_0407,BR005-HP,Checking,31614249.45,50104896.55,2023-07-23,False
ACC0408,Customer_0408,BR001-HCM,Business,27059958.4,61604705.57,2022-02-10,True
ACC0409,Customer_0409,BR005-HP,Savings,48728512.53,15537713.12,2022-07-19,True
ACC0410,Customer_0410,BR003-DN,Business,22155559.13,95342797.67,2021-01-08,True
ACC0411,Customer_0411,BR004-CT,Savings,22941906.19,60883240.44,2022-11-24,True
ACC0412,Customer_0412,BR001-HCM,Savings,35541080.05,70149961.12,2021-08-12,True
ACC0413,Customer_0413,BR002-HN,Checking,6783065.07,78112397.99,2022-12-04,True
ACC0414,Customer_0414,BR003-DN,Checking,13963039.45,6387198.91,2024-11-03,False
ACC0415,Customer_0415,BR004-CT,Business,18326132.83,49961000.58,2024-03-12,True
ACC0416,Customer_0416,BR003-DN,Savings,44766286.8,67412043.16,2020-04-24,True
ACC0417,Customer_0417,BR001-HCM,Savings,12605296.79,47176458.96,2023-03-06,True
ACC0418,Customer_0418,BR005-HP,Business,37162958.49,41936930.44,2022-04-14,True
ACC0419,Customer_0419,BR003-DN,Savings,28791030.15,11940092.97,2020-03-08,True
ACC0420,Customer_0420,BR004-CT,Savings,43911066.29,86603223.0,2022-06-03,False
ACC0421,Customer_0421,BR001-HCM,Checking,10433222.1,56380674.08,2022-12-20,True
ACC0422,Customer_0422,BR004-CT,Checking,29788701.28,49336067.59,2021-12-18,True
ACC0423,Customer_0423,BR002-HN,Savings,46653677.86,2391025.6,2024-06-21,True
ACC0424,Customer_0424,BR003-DN,Savings,38066993.08,37627483.05,2022-02-07,True
ACC0425,Customer_0425,BR004-CT,Checking,48078660.51,97255923.6,2021-12-09,True
ACC0426,Customer_0426,BR001-HCM,Savings,44915729.86,51975921.85,2022-08-24,True
ACC0427,Customer_0427,BR005-HP,Savings,25518674.31,63721568.0,2023-02-19,True
ACC0428,Customer_0428,BR004-CT,Business,48228804.6,23677173.47,2022-06-26,False
ACC0429,Customer_0429,BR003-DN,Checking,22911513.69,23361122.66,2021-03-25,True
ACC0430,Customer_0430,BR002-HN,Savings,8636561.54,46605511.24,2023-02-18,True
ACC0431,Customer_0431,BR002-HN,Checking,15761232.05,26500792.69,2020-02-06,True
ACC0432,Customer_0432,BR005-HP,Savings,11143529.08,85657327.12,2021-02-23,True
ACC0433,Customer_0433,BR003-DN,Checking,25916253.93,67718337.7,2022-03-01,False
ACC0434,Customer_0434,BR004-CT,Business,37529883.14,24985262.82,2023-02-26,True
ACC0435,Customer_0435,BR001-HCM,Savings,3552624.63,78095999.35,2021-03-07,False
ACC0436,Customer_0436,BR003-DN,Business,31699728.66,64468501.57,2024-10-09,True
ACC0437,Customer_0437,BR001-HCM,Savings,10288641.67,64598689.56,2021-02-28,True
ACC0438,Customer_0438,BR001-HCM,Savings,47142892.72,5063770.09,2024-07-27,False
ACC0439,Customer_0439,BR004-CT,Savings,19445107.21,42666401.84,2022-04-06,True
ACC0440,Customer_0440,BR003-DN,Checking,44229478.05,3464944.37,2024-10-08,True
ACC0441,Customer_0441,BR004-CT,Checking,44197539.42,47903093.0,2020-05-13,True
ACC0442,Customer_0442,BR004-CT,Savings,32311300.02,79719794.19,2021-11-26,True
ACC0443,Customer_0443,BR004-CT,Business,18276049.44,54451780.6,2023-06-19,True
ACC0444,Customer_0444,BR004-CT,Checking,9400885.75,31887756.73,2021-01-26,True
ACC0445,Customer_0445,BR001-HCM,Checking,26706898.45,76684216.85,2021-03-04,True
ACC0446,Customer_0446,BR002-HN,Checking,26917633.45,79123721.21,2020-04-19,False
ACC0447,Customer_0447,BR003-DN,Savings,9216968.2,59251950.92,2022-10-01,True
ACC0448,Customer_0448,BR005-HP,Business,7534063.38,94836850.6,2023-09-10,True
ACC0449,Customer_0449,BR004-CT,Savings,4967740.15,23262335.81,2021-01-17,False
ACC0450,Customer_0450,BR001-HCM,Checking,45935861.2,20146438.34,2021-06-23,True
ACC0451,Customer_0451,BR003-DN,Savings,1584688.36,58660917.51,2021-02-28,True
ACC0452,Customer_0452,BR001-HCM,Checking,35374631.48,66213955.28,2024-02-11,True
ACC0453,Customer_0453,BR003-DN,Savings,48805103.23,73235202.54,2023-11-16,True
ACC0454,Customer_0454,BR002-HN,Business,48452773.37,69356039.83,2024-06-08,True
ACC0455,Customer_0455,BR004-CT,Checking,36832751.18,29451726.47,2021-12-01,False
ACC0456,Customer_0456,BR005-HP,Savings,9513046.92,31821691.19,2024-04-21,True
ACC0457,Customer_0457,BR004-CT,Savings,16892837.1,7780663.85,2022-06-06,True
ACC0458,Customer_0458,BR003-DN,Checking,1064083.2,20968428.44,2020-06-09,True
ACC0459,Customer_0459,BR001-HCM,Savings,19603886.35,73258449.45,2021-07-16,False
ACC0460,Customer_0460,BR003-DN,Business,19079704.73,82880697.76,2024-11-25,True
ACC0461,Customer_0461,BR002-HN,Checking,4148614.78,84576248.4,2022-01-11,True
ACC0462,Customer_0462,BR001-HCM,Savings,17419505.96,88793126.77,2021-12-03,True
ACC0463,Customer_0463,BR003-DN,Business,49271166.96,89322617.26,2020-07-21,True
ACC0464,Customer_0464,BR005-HP,Checking,8276636.98,10125781.1,2021-04-14,True
ACC0465,Customer_0465,BR003-DN,Checking,12258640.1,4963544.3,2024-09-27,False
ACC0466,Customer_0466,BR002-HN,Savings,18361031.6,42760595.74,2022-11-21,False
ACC0467,Customer_0467,BR002-HN,Savings,1773916.79,17083219.17,2022-02-16,True
ACC0468,Customer_0468,BR003-DN,Checking,23811750.42,89487748.34,2022-02-21,False
ACC0469,Customer_0469,BR002-HN,Checking,44331888.29,36940166.49,2023-01-09,False
ACC0470,Customer_0470,BR004-CT,Checking,11698992.87,26856199.33,2020-03-25,True
ACC0471,Customer_0471,BR001-HCM,Business,17517673.63,54144900.6,2024-04-18,True
ACC0472,Customer_0472,BR004-CT,Business,21222287.71,53551441.2,2023-10-08,False
ACC0473,Customer_0473,BR003-DN,Savings,20042816.08,85393982.17,2020-09-19,True
ACC0474,Customer_0474,BR001-HCM,Checking,9057509.15,98436799.02,2021-04-05,True
ACC0475,Customer_0475,BR004-CT,Savings,49419856.85,43539324.55,2021-10-09,True
ACC0476,Customer_0476,BR001-HCM,Savings,19710908.07,39735499.44,2022-05-17,False
ACC0477,Customer_0477,BR001-HCM,Business,31341367.47,52256201.04,2023-02-14,True
ACC0478,Customer_0478,BR002-HN,Business,29602739.6,75837738.79,2020-02-19,True
ACC0479,Customer_0479,BR003-DN,Business,44066721.34,87789356.27,2022-07-21,False
ACC0480,Customer_0480,BR005-HP,Business,23915807.49,17219972.82,2023-03-20,False
ACC0481,Customer_0481,BR001-HCM,Checking,44533923.59,33149407.57,2021-01-24,False
ACC0482,Customer_0482,BR003-DN,Checking,1501527.99,81738592.53,2022-05-09,False
ACC0483,Customer_0483,BR001-HCM,Savings,7152083.29,97421942.46,2023-06-09,False
ACC0484,Customer_0484,BR005-HP,Business,4919699.09,44171659.81,2023-12-16,True
ACC0485,Customer_0485,BR001-HCM,Business,39678774.41,6561696.76,2024-07-05,True
ACC0486,Customer_0486,BR002-HN,Savings,43821437.53,20072677.61,2020-04-02,False
ACC0487,Customer_0487,BR001-HCM,Checking,35379380.29,27397749.85,2023-09-13,True
ACC0488,Customer_0488,BR001-HCM,Savings,18937104.7,59404359.35,2021-08-19,True
ACC0489,Customer_0489,BR003-DN,Savings,41963861.63,25865992.72,2020-05-01,False
ACC0490,Customer_0490,BR001-HCM,Savings,42764155.67,77983013.51,2021-04-21,True
ACC0491,Customer_0491,BR002-HN,Checking,32753572.98,51328123.38,2020-08-05,True
ACC0492,Customer_0492,BR005-HP,Savings,11576616.57,60834388.29,2022-12-23,True
ACC0493,Customer_0493,BR004-CT,Checking,42653515.57,45899801.89,2021-08-10,False
ACC0494,Customer_0494,BR005-HP,Savings,863704.85,99942937.99,2022-09-21,True
ACC0495,Customer_0495,BR003-DN,Business,5851174.26,6383705.39,2022-11-11,True
ACC0496,Customer_0496,BR003-DN,Business,35699141.89,89237379.77,2022-04-05,True
ACC0497,Customer_0497,BR001-HCM,Business,20502872.1,31958573.82,2021-12-01,False
ACC0498,Customer_0498,BR003-DN,Checking,45392122.34,40459889.46,2020-10-23,True
ACC0499,Customer_0499,BR003-DN,Business,35811779.82,68631811.09,2023-11-12,True
ACC0500,Customer_0500,BR002-HN,Business,43886491.82,18113585.78,2020-08-05,True
ACC0501,Customer_0501,BR005-HP,Savings,47372707.32,89959115.79,2020-04-12,True
ACC0502,Customer_0502,BR003-DN,Checking,39510476.62,33131713.7,2022-10-10,False
ACC0503,Customer_0503,BR001-HCM,Checking,3157009.24,63439674.37,2024-10-03,False
ACC0504,Customer_0504,BR002-HN,Business,6430888.89,68069776.43,2024-05-14,True
ACC0505,Customer_0505,BR002-HN,Savings,49621218.72,34266988.49,2024-08-05,True
ACC0506,Customer_0506,BR002-HN,Savings,24635251.86,63103277.23,2021-06-21,True
ACC0507,Customer_0507,BR001-HCM,Checking,14039629.18,76119328.12,2021-10-25,True
ACC0508,Customer_0508,BR004-CT,Savings,6905594.9,43371141.43,2023-07-14,False
ACC0509,Customer_0509,BR004-CT,Savings,2367403.26,19941425.12,2022-01-11,True
ACC0510,Customer_0510,BR001-HCM,Business,704129.78,73360324.09,2021-12-12,True
ACC0511,Customer_0511,BR002-HN,Savings,19485748.58,58867068.82,2021-02-27,True
ACC0512,Customer_0512,BR003-DN,Checking,23068352.44,52028841.22,2024-06-14,True
ACC0513,Customer_0513,BR003-DN,Checking,18282918.88,18842603.39,2023-01-08,True
ACC0514,Customer_0514,BR002-HN,Savings,36836792.66,58969283.48,2021-02-12,True
ACC0515,Customer_0515,BR004-CT,Business,13161564.11,53473343.42,2020-10-02,True
ACC0516,Customer_0516,BR001-HCM,Savings,34642612.54,41677556.52,2023-02-18,True
ACC0517,Customer_0517,BR004-CT,Business,8079791.36,69519202.92,2020-05-14,True
ACC0518,Customer_0518,BR005-HP,Checking,31328489.95,70072634.62,2023-02-17,True
ACC0519,Customer_0519,BR003-DN,Savings,39345623.28,49773906.32,2024-04-25,True
ACC0520,Customer_0520,BR005-HP,Savings,18217130.91,40975623.05,2021-01-18,False
ACC0521,Customer_0521,BR002-HN,Business,46689655.06,33060361.62,2020-01-22,True
ACC0522,Customer_0522,BR001-HCM,Business,33616585.56,14914449.27,2020-09-03,True
ACC0523,Customer_0523,BR003-DN,Business,11942434.18,98866593.08,2022-05-15,True
ACC0524,Customer_0524,BR001-HCM,Savings,43769952.23,85224868.57,2022-11-11,False
ACC0525,Customer_0525,BR001-HCM,Savings,42636672.08,89029201.15,2020-03-22,True
ACC0526,Customer_0526,BR003-DN,Checking,44779117.06,95508915.65,2022-12-03,True
ACC0527,Customer_0527,BR003-DN,Savings,6134684.0,40025022.6,2023-05-27,False
ACC0528,Customer_0528,BR004-CT,Checking,32617900.95,79690955.7,2020-03-23,True
ACC0529,Customer_0529,BR002-HN,Savings,21093371.97,59075030.3,2024-11-15,True
ACC0530,Customer_0530,BR005-HP,Checking,39068632.58,61135841.93,2021-08-16,True
ACC0531,Customer_0531,BR004-CT,Checking,2775630.11,26161286.72,2022-01-23,True
ACC0532,Customer_0532,BR003-DN,Business,26393607.17,70058018.43,2020-07-22,True
ACC0533,Customer_0533,BR004-CT,Checking,33353676.87,64140445.28,2021-09-20,True
ACC0534,Customer_0534,BR001-HCM,Business,46751385.31,50556757.19,2023-08-28,True
ACC0535,Customer_0535,BR001-HCM,Checking,16371373.87,33089484.25,2022-01-17,True
ACC0536,Customer_0536,BR005-HP,Business,19242560.83,81710330.57,2020-08-15,False
ACC0537,Customer_0537,BR001-HCM,Checking,22629871.94,11870685.21,2023-12-21,True
ACC0538,Customer_0538,BR001-HCM,Checking,20910758.11,55713101.14,2020-02-26,True
ACC0539,Customer_0539,BR005-HP,Business,10739136.82,67147437.08,2022-06-27,True
ACC0540,Customer_0540,BR002-HN,Checking,16932644.96,76741639.99,2024-08-23,True
ACC0541,Customer_0541,BR004-CT,Savings,5323132.61,65891025.38,2020-06-12,True
ACC0542,Customer_0542,BR005-HP,Business,19007572.84,10632222.92,2021-08-05,False
ACC0543,Customer_0543,BR001-HCM,Checking,30737162.42,18754340.05,2023-04-15,True
ACC0544,Customer_0544,BR003-DN,Savings,37978892.42,4650036.19,2024-02-25,False
ACC0545,Customer_0545,BR004-CT,Business,29671150.25,50419757.62,2023-01-17,True
ACC0546,Customer_0546,BR005-HP,Checking,42021397.48,48293196.35,2024-03-23,True
ACC0547,Customer_0547,BR002-HN,Savings,19676576.17,60054602.18,2022-09-13,False
ACC0548,Customer_0548,BR005-HP,Business,38237545.48,27359588.0,2022-05-15,True
ACC0549,Customer_0549,BR002-HN,Checking,30324960.26,88643685.54,2024-05-27,True
ACC0550,Customer_0550,BR005-HP,Business,11258456.57,20971269.63,2022-11-12,True
ACC0551,Customer_0551,BR002-HN,Business,27353328.18,63687743.49,2020-06-18,False
ACC0552,Customer_0552,BR005-HP,Business,47162345.72,71012363.15,2024-05-28,False
ACC0553,Customer_0553,BR001-HCM,Business,5770288.06,38087031.35,2020-11-02,True
ACC0554,Customer_0554,BR003-DN,Savings,49184853.48,68339032.87,2021-01-23,True
ACC0555,Customer_0555,BR002-HN,Business,2099165.97,81402621.76,2020-10-28,True
ACC0556,Customer_0556,BR005-HP,Checking,12260975.89,78430717.29,2022-12-22,True
ACC0557,Customer_0557,BR004-CT,Checking,21120028.76,78811153.01,2022-09-02,True
ACC0558,Customer_0558,BR003-DN,Savings,31217803.93,78092489.29,2023-04-21,True
ACC0559,Customer_0559,BR005-HP,Business,37053276.61,19646908.18,2021-05-15,True
ACC0560,Customer_0560,BR001-HCM,Savings,48142524.82,73507948.6,2020-07-02,False
ACC0561,Customer_0561,BR003-DN,Business,13579859.97,16092884.98,2022-01-11,False
ACC0562,Customer_0562,BR002-HN,Savings,8108317.49,32263002.99,2020-11-20,True
ACC0563,Customer_0563,BR004-CT,Business,27732928.9,7288079.55,2022-09-08,True
ACC0564,Customer_0564,BR005-HP,Savings,39419782.85,15937049.25,2024-09-13,True
ACC0565,Customer_0565,BR003-DN,Savings,44228138.57,66333447.64,2022-06-10,True
ACC0566,Customer_0566,BR005-HP,Business,24005430.84,56133468.32,2020-02-22,True
ACC0567,Customer_0567,BR004-CT,Savings,45272574.7,61370109.71,2024-04-02,True
ACC0568,Customer_0568,BR004-CT,Savings,19600858.77,54023731.29,2022-01-17,True
ACC0569,Customer_0569,BR005-HP,Business,22555066.43,4385166.09,2021-06-17,True
ACC0570,Customer_0570,BR001-HCM,Savings,48595624.11,77331851.82,2024-01-21,True
ACC0571,Customer_0571,BR002-HN,Business,31660966.95,21317513.19,2023-02-07,False
ACC0572,Customer_0572,BR001-HCM,Business,34459155.2,2375294.61,2022-01-03,True
ACC0573,Customer_0573,BR001-HCM,Savings,39813631.96,55808420.53,2024-04-09,False
ACC0574,Customer_0574,BR004-CT,Checking,31695754.6,43302503.46,2020-07-22,True
ACC0575,Customer_0575,BR005-HP,Savings,32250425.95,61834935.89,2024-01-23,True
ACC0576,Customer_0576,BR003-DN,Business,5753709.32,78689189.77,2022-10-03,True
ACC0577,Customer_0577,BR004-CT,Checking,20058106.28,66072316.49,2023-03-18,True
ACC0578,Customer_0578,BR002-HN,Business,19854131.99,79748461.28,2024-05-21,True
ACC0579,Customer_0579,BR003-DN,Business,44405416.89,96536539.34,2022-01-18,True
ACC0580,Customer_0580,BR001-HCM,Savings,748977.03,59665488.75,2024-09-03,True
ACC0581,Customer_0581,BR002-HN,Business,37200808.91,72593734.67,2021-07-21,True
ACC0582,Customer_0582,BR002-HN,Savings,11429004.48,83474836.69,2021-02-06,True
ACC0583,Customer_0583,BR005-HP,Checking,32411388.44,7314457.22,2020-05-04,True
ACC0584,Customer_0584,BR005-HP,Checking,47601225.36,35713835.9,2021-02-10,True
ACC0585,Customer_0585,BR002-HN,Checking,24550130.9,32834607.82,2022-12-19,True
ACC0586,Customer_0586,BR005-HP,Business,18542425.07,31633315.95,2023-03-01,True
ACC0587,Customer_0587,BR002-HN,Savings,35753856.8,64083854.43,2022-06-05,True
ACC0588,Customer_0588,BR004-CT,Checking,22545219.69,77476696.15,2023-09-04,True
ACC0589,Customer_0589,BR005-HP,Savings,42168753.27,85871365.54,2021-09-07,True
ACC0590,Customer_0590,BR001-HCM,Business,4232297.86,1863029.49,2024-11-01,False
ACC0591,Customer_0591,BR005-HP,Savings,45362027.08,55159399.85,2024-09-16,True
ACC0592,Customer_0592,BR003-DN,Checking,11553679.06,77214484.36,2022-03-15,True
ACC0593,Customer_0593,BR004-CT,Checking,25357279.85,66267848.94,2024-11-06,True
ACC0594,Customer_0594,BR004-CT,Savings,9367686.6,94871183.16,2021-12-24,False
ACC0595,Customer_0595,BR003-DN,Savings,11331546.3,48764214.84,2020-05-12,True
ACC0596,Customer_0596,BR001-HCM,Business,10735316.7,90772609.26,2022-07-16,False
ACC0597,Customer_0597,BR001-HCM,Savings,49039194.21,32407111.01,2024-11-27,True
ACC0598,Customer_0598,BR003-DN,Business,27445328.07,17384981.64,2023-06-19,True
ACC0599,Customer_0599,BR005-HP,Checking,19128274.66,90724242.64,2024-07-12,True
ACC0600,Customer_0600,BR004-CT,Checking,44415011.2,659768.66,2021-08-06,True
ACC0601,Customer_0601,BR001-HCM,Business,32352111.62,21151710.41,2021-03-12,True
ACC0602,Customer_0602,BR002-HN,Checking,40653045.15,72025565.89,2023-11-16,False
ACC0603,Customer_0603,BR002-HN,Business,8481689.86,83336499.64,2020-04-02,True
ACC0604,Customer_0604,BR005-HP,Business,8475892.45,62954042.49,2020-10-05,True
ACC0605,Customer_0605,BR002-HN,Checking,46161120.1,51664069.26,2023-10-19,True
ACC0606,Customer_0606,BR003-DN,Savings,11221374.19,60652589.79,2023-08-06,True
ACC0607,Customer_0607,BR004-CT,Business,7564250.78,58264613.76,2021-10-22,True
ACC0608,Customer_0608,BR002-HN,Business,34436762.61,92235194.48,2024-10-03,True
ACC0609,Customer_0609,BR004-CT,Checking,7044553.32,1656262.73,2024-09-22,False
ACC0610,Customer_0610,BR002-HN,Business,5266779.55,47586918.55,2024-10-02,True
ACC0611,Customer_0611,BR001-HCM,Checking,33139934.25,90198475.57,2024-01-25,False
ACC0612,Customer_0612,BR005-HP,Checking,18833683.79,4343828.33,2024-07-08,False
ACC0613,Customer_0613,BR004-CT,Checking,29657880.26,74139404.23,2024-02-14,True
ACC0614,Customer_0614,BR003-DN,Checking,38410015.07,91008535.67,2020-05-20,False
ACC0615,Customer_0615,BR003-DN,Savings,770737.98,74364568.14,2020-10-17,True
ACC0616,Customer_0616,BR005-HP,Savings,19063979.14,20541869.62,2022-07-12,True
ACC0617,Customer_0617,BR002-HN,Checking,32753008.77,25363272.62,2024-07-19,True
ACC0618,Customer_0618,BR005-HP,Checking,49594034.37,39745414.82,2021-07-18,False
ACC0619,Customer_0619,BR002-HN,Checking,28175144.57,48376015.76,2022-10-12,False
ACC0620,Customer_0620,BR002-HN,Business,6394745.34,22977130.45,2021-02-07,False
ACC0621,Customer_0621,BR003-DN,Business,30894255.67,68456444.67,2020-03-13,True
ACC0622,Customer_0622,BR001-HCM,Savings,23847598.67,60024544.18,2020-02-09,True
ACC0623,Customer_0623,BR003-DN,Savings,30646928.63,72449471.34,2023-10-21,True
ACC0624,Customer_0624,BR005-HP,Savings,47312934.96,82022873.44,2023-08-01,True
ACC0625,Customer_0625,BR005-HP,Checking,10139951.48,78395944.54,2024-09-23,True
ACC0626,Customer_0626,BR005-HP,Savings,33864206.86,35973999.83,2020-03-03,True
ACC0627,Customer_0627,BR004-CT,Checking,33648271.3,40545096.69,2021-09-01,True
ACC0628,Customer_0628,BR001-HCM,Business,14582442.46,82976480.24,2024-06-12,True
ACC0629,Customer_0629,BR002-HN,Business,48171328.4,45475900.87,2023-10-01,True
ACC0630,Customer_0630,BR002-HN,Checking,25558785.76,55863071.29,2024-05-11,True
ACC0631,Customer_0631,BR005-HP,Checking,43867595.79,81314734.96,2024-05-23,False
ACC0632,Customer_0632,BR004-CT,Business,24439679.83,24327325.64,2022-08-22,False
ACC0633,Customer_0633,BR005-HP,Savings,24357523.02,25781976.48,2023-11-26,True
ACC0634,Customer_0634,BR002-HN,Checking,20915085.62,35309626.55,2024-01-23,True
ACC0635,Customer_0635,BR002-HN,Checking,5103966.79,67369791.68,2022-02-18,True
ACC0636,Customer_0636,BR004-CT,Checking,18000127.35,89431625.29,2022-03-24,True
ACC0637,Customer_0637,BR004-CT,Business,10383493.69,73542906.52,2022-04-08,True
ACC0638,Customer_0638,BR002-HN,Business,18123354.98,77893848.05,2020-02-22,False
ACC0639,Customer_0639,BR005-HP,Savings,38330088.53,54147395.46,2020-08-12,True
ACC0640,Customer_0640,BR004-CT,Business,43504057.36,49080535.16,2024-05-13,True
ACC0641,Customer_0641,BR005-HP,Savings,3180334.48,79926991.78,2023-09-02,True
ACC0642,Customer_0642,BR004-CT,Business,38907246.21,45719603.43,2020-12-17,False
ACC0643,Customer_0643,BR003-DN,Business,916720.94,67410306.04,2023-10-04,True
ACC0644,Customer_0644,BR003-DN,Business,43161180.15,18715244.2,2022-04-09,False
ACC0645,Customer_0645,BR005-HP,Checking,18613245.48,49877001.66,2021-07-23,True
ACC0646,Customer_0646,BR003-DN,Checking,14341661.83,17988922.87,2021-10-22,True
ACC0647,Customer_0647,BR001-HCM,Business,13862480.79,23580517.29,2023-07-07,True
ACC0648,Customer_0648,BR002-HN,Checking,40380583.9,17660727.67,2023-03-28,True
ACC0649,Customer_0649,BR004-CT,Checking,12923214.66,85850198.24,2020-07-04,True
ACC0650,Customer_0650,BR001-HCM,Savings,40783994.43,47653942.44,2020-08-24,True
ACC0651,Customer_0651,BR003-DN,Checking,18335175.71,55749148.82,2022-06-01,False
ACC0652,Customer_0652,BR001-HCM,Checking,43434744.91,96311656.09,2021-10-19,True
ACC0653,Customer_0653,BR003-DN,Checking,16591969.19,51044452.55,2023-02-13,True
ACC0654,Customer_0654,BR004-CT,Business,47851424.33,86825765.05,2022-07-21,False
ACC0655,Customer_0655,BR001-HCM,Savings,8518974.7,22821793.94,2022-11-10,True
ACC0656,Customer_0656,BR005-HP,Business,20075038.6,88769180.66,2022-12-19,False
ACC0657,Customer_0657,BR004-CT,Savings,9602366.86,2310109.23,2021-11-09,True
ACC0658,Customer_0658,BR002-HN,Savings,20153756.37,9555371.9,2023-09-02,True
ACC0659,Customer_0659,BR004-CT,Business,38367320.42,8325120.14,2022-10-05,True
ACC0660,Customer_0660,BR004-CT,Checking,11853119.8,73759322.83,2023-11-05,True
ACC0661,Customer_0661,BR005-HP,Savings,1914279.0,66354913.53,2022-08-15,True
ACC0662,Customer_0662,BR005-HP,Checking,7188187.95,94848613.22,2024-03-19,False
ACC0663,Customer_0663,BR005-HP,Checking,26411260.32,63952824.87,2022-06-16,True
ACC0664,Customer_0664,BR001-HCM,Checking,15739475.18,41220380.56,2021-05-01,True
ACC0665,Customer_0665,BR005-HP,Savings,17522303.4,46919795.52,2020-12-16,False
ACC0666,Customer_0666,BR003-DN,Savings,38410525.57,79796477.63,2024-04-26,True
ACC0667,Customer_0667,BR005-HP,Checking,9834263.48,88216206.85,2023-07-08,True
ACC0668,Customer_0668,BR004-CT,Checking,11419325.1,7920973.32,2021-09-25,True
ACC0669,Customer_0669,BR003-DN,Business,37274881.16,80880864.91,2023-04-28,True
ACC0670,Customer_0670,BR002-HN,Savings,14834967.31,63689270.95,2024-08-09,False
ACC0671,Customer_0671,BR002-HN,Checking,1460072.16,4963207.22,2024-01-06,True
ACC0672,Customer_0672,BR003-DN,Checking,6689440.54,43841663.54,2020-04-03,True
ACC0673,Customer_0673,BR001-HCM,Checking,11250810.22,42024302.71,2023-06-15,True
ACC0674,Customer_0674,BR003-DN,Savings,42255541.81,95164404.17,2020-05-25,False
ACC0675,Customer_0675,BR001-HCM,Business,23772265.44,19219229.29,2022-07-27,True
ACC0676,Customer_0676,BR001-HCM,Business,12823636.85,77122533.3,2023-04-24,True
ACC0677,Customer_0677,BR002-HN,Checking,36898477.57,9396030.4,2021-08-13,True
ACC0678,Customer_0678,BR003-DN,Savings,31643630.58,4218591.56,2024-09-04,True
ACC0679,Customer_0679,BR004-CT,Business,15291247.65,36042665.61,2020-11-07,True
ACC0680,Customer_0680,BR002-HN,Business,21991001.7,1506770.53,2022-10-04,False
ACC0681,Customer_0681,BR002-HN,Savings,48457329.01,58107702.27,2023-12-20,True
ACC0682,Customer_0682,BR003-DN,Savings,12811751.69,49991920.66,2024-06-25,True
ACC0683,Customer_0683,BR001-HCM,Checking,32406457.38,70132814.0,2020-03-16,True
ACC0684,Customer_0684,BR003-DN,Business,39533810.38,75669752.32,2023-12-07,True
ACC0685,Customer_0685,BR004-CT,Checking,36357758.31,25069624.11,2020-08-23,False
ACC0686,Customer_0686,BR005-HP,Checking,27365336.8,49009199.58,2024-03-18,True
ACC0687,Customer_0687,BR003-DN,Business,23685538.7,86766184.0,2024-09-06,True
ACC0688,Customer_0688,BR005-HP,Savings,22744517.89,81941855.15,2024-06-15,True
ACC0689,Customer_0689,BR005-HP,Checking,36816058.2,88293237.25,2024-06-25,True
ACC0690,Customer_0690,BR003-DN,Business,3635416.95,96716315.7,2023-04-17,False
ACC0691,Customer_0691,BR005-HP,Savings,30845442.5,32260003.99,2022-02-04,True
ACC0692,Customer_0692,BR001-HCM,Savings,9342620.6,3127375.4,2020-08-07,True
ACC0693,Customer_0693,BR001-HCM,Business,32266707.57,38859881.95,2023-09-20,True
ACC0694,Customer_0694,BR001-HCM,Checking,11425777.82,71784519.46,2020-04-21,False
ACC0695,Customer_0695,BR001-HCM,Checking,40150487.48,6070018.83,2024-12-14,True
ACC0696,Customer_0696,BR001-HCM,Business,13657873.91,4065315.23,2020-05-03,True
ACC0697,Customer_0697,BR005-HP,Savings,5510643.48,23101800.33,2023-04-07,True
ACC0698,Customer_0698,BR005-HP,Business,47401415.56,55842348.0,2024-07-24,True
ACC0699,Customer_0699,BR005-HP,Checking,33887381.91,70255041.62,2023-02-06,True
ACC0700,Customer_0700,BR005-HP,Checking,25482292.64,65753188.1,2024-10-15,True
ACC0701,Customer_0701,BR003-DN,Business,49577418.04,32465410.86,2022-07-25,False
ACC0702,Customer_0702,BR003-DN,Business,12415766.53,54562623.96,2023-09-24,True
ACC0703,Customer_0703,BR003-DN,Checking,22651239.56,39709056.17,2020-05-20,True
ACC0704,Customer_0704,BR005-HP,Savings,49673894.47,30184165.39,2022-04-07,True
ACC0705,Customer_0705,BR001-HCM,Business,41205704.18,91911208.3,2024-09-19,True
ACC0706,Customer_0706,BR001-HCM,Savings,23288305.38,15610710.63,2022-06-19,True
ACC0707,Customer_0707,BR002-HN,Checking,40648174.72,9190512.13,2023-10-07,True
ACC0708,Customer_0708,BR003-DN,Checking,9058673.3,82570524.44,2024-02-20,True
ACC0709,Customer_0709,BR001-HCM,Business,40512888.02,38154611.05,2020-06-12,False
ACC0710,Customer_0710,BR004-CT,Savings,43554432.45,22671767.14,2024-01-21,False
ACC0711,Customer_0711,BR001-HCM,Checking,26456975.9,31931654.02,2024-03-11,True
ACC0712,Customer_0712,BR002-HN,Savings,33844944.5,99736730.3,2023-10-19,True
ACC0713,Customer_0713,BR002-HN,Checking,14844259.94,39432240.39,2021-06-03,False
ACC0714,Customer_0714,BR005-HP,Business,2940899.35,39919129.95,2020-07-17,False
ACC0715,Customer_0715,BR002-HN,Savings,24305663.85,19810852.77,2023-11-19,True
ACC0716,Customer_0716,BR005-HP,Business,49855398.96,52424778.23,2021-02-09,False
ACC0717,Customer_0717,BR003-DN,Business,46244835.0,8959464.81,2023-07-12,True
ACC0718,Customer_0718,BR002-HN,Checking,17553983.02,65540985.78,2022-03-12,False
ACC0719,Customer_0719,BR005-HP,Savings,22302939.49,92421320.69,2021-04-22,True
ACC0720,Customer_0720,BR002-HN,Business,42711825.19,11237174.08,2020-04-20,True
ACC0721,Customer_0721,BR003-DN,Savings,17491932.93,80428077.36,2022-08-16,True
ACC0722,Customer_0722,BR003-DN,Savings,37130642.76,21187531.35,2024-09-25,True
ACC0723,Customer_0723,BR005-HP,Checking,31340578.65,99230212.82,2020-07-19,True
ACC0724,Customer_0724,BR003-DN,Savings,3475447.45,20069605.7,2024-05-02,False
ACC0725,Customer_0725,BR001-HCM,Savings,19737934.79,27131037.91,2022-02-01,True
ACC0726,Customer_0726,BR004-CT,Savings,48999746.13,50854033.21,2020-06-16,True
ACC0727,Customer_0727,BR002-HN,Savings,25282215.73,45798626.21,2020-01-08,True
ACC0728,Customer_0728,BR003-DN,Checking,19973290.98,15700525.06,2022-11-12,True
ACC0729,Customer_0729,BR003-DN,Savings,49801723.36,97858782.49,2022-01-21,True
ACC0730,Customer_0730,BR004-CT,Savings,47234766.56,94911641.84,2021-03-11,False
ACC0731,Customer_0731,BR002-HN,Savings,36629538.36,52071784.41,2024-11-22,True
ACC0732,Customer_0732,BR004-CT,Savings,28858478.37,42646499.7,2022-10-11,False
ACC0733,Customer_0733,BR005-HP,Savings,10734485.1,13857652.68,2024-11-26,True
ACC0734,Customer_0734,BR002-HN,Checking,34582338.43,89864316.97,2021-07-25,True
ACC0735,Customer_0735,BR005-HP,Savings,16216062.44,55734029.81,2020-03-11,True
ACC0736,Customer_0736,BR001-HCM,Checking,44066529.06,41404015.54,2023-05-15,True
ACC0737,Customer_0737,BR002-HN,Savings,5785185.93,18474649.66,2024-10-09,True
ACC0738,Customer_0738,BR005-HP,Savings,11930162.69,2608449.28,2020-12-25,False
ACC0739,Customer_0739,BR002-HN,Business,42383842.68,46876349.83,2022-03-28,False
ACC0740,Customer_0740,BR004-CT,Checking,7306879.76,19325982.95,2020-07-25,True
ACC0741,Customer_0741,BR003-DN,Checking,11516433.51,67133908.71,2021-04-03,True
ACC0742,Customer_0742,BR004-CT,Business,24752173.48,32489562.68,2023-04-14,False
ACC0743,Customer_0743,BR001-HCM,Business,36898923.11,38037416.88,2022-07-20,True
ACC0744,Customer_0744,BR005-HP,Savings,22854674.83,82701010.17,2020-04-17,False
ACC0745,Customer_0745,BR001-HCM,Business,19676193.67,76515987.24,2020-04-10,False
ACC0746,Customer_0746,BR004-CT,Checking,38797012.12,28591458.84,2021-07-10,True
ACC0747,Customer_0747,BR005-HP,Savings,23447158.18,64610150.79,2020-12-17,True
ACC0748,Customer_0748,BR002-HN,Business,46923201.66,69611414.18,2021-07-14,True
ACC0749,Customer_0749,BR004-CT,Savings,9354489.66,59031547.53,2021-08-03,True
ACC0750,Customer_0750,BR003-DN,Business,32604533.3,71146974.56,2021-12-24,True
ACC0751,Customer_0751,BR001-HCM,Savings,35458222.14,63407241.82,2020-09-23,False
ACC0752,Customer_0752,BR005-HP,Business,47512817.51,37867863.14,2023-01-25,True
ACC0753,Customer_0753,BR003-DN,Business,43629617.48,86267247.91,2021-03-06,True
ACC0754,Customer_0754,BR004-CT,Checking,15821156.12,76863042.24,2023-05-21,True
ACC0755,Customer_0755,BR001-HCM,Savings,48041477.04,353289.86,2022-01-15,False
ACC0756,Customer_0756,BR004-CT,Business,40469000.9,60798393.1,2023-04-07,False
ACC0757,Customer_0757,BR004-CT,Checking,22372830.39,60121656.66,2020-04-18,True
ACC0758,Customer_0758,BR005-HP,Business,28098658.09,82525250.47,2020-03-05,True
ACC0759,Customer_0759,BR003-DN,Savings,7696033.6,3243209.17,2024-10-10,True
ACC0760,Customer_0760,BR001-HCM,Savings,5889938.46,99373518.06,2021-11-10,True
ACC0761,Customer_0761,BR004-CT,Business,29158831.48,93147981.94,2020-05-11,True
ACC0762,Customer_0762,BR004-CT,Savings,38042878.4,84330963.01,2020-05-16,True
ACC0763,Customer_0763,BR001-HCM,Business,43040693.08,32920852.7,2023-09-07,True
ACC0764,Customer_0764,BR005-HP,Savings,5910460.6,72972851.98,2024-02-16,True
ACC0765,Customer_0765,BR004-CT,Business,42465999.51,25966003.93,2024-10-12,True
ACC0766,Customer_0766,BR005-HP,Business,25071647.81,72918474.4,2023-08-26,True
ACC0767,Customer_0767,BR005-HP,Savings,35575059.84,97925765.96,2020-02-01,False
ACC0768,Customer_0768,BR001-HCM,Business,42479454.53,79956435.13,2023-07-02,True
ACC0769,Customer_0769,BR003-DN,Business,40399154.13,21233793.36,2021-12-10,True
ACC0770,Customer_0770,BR001-HCM,Checking,15364057.73,54999359.94,2020-02-22,True
ACC0771,Customer_0771,BR003-DN,Checking,36357633.82,61599334.3,2020-03-07,True
ACC0772,Customer_0772,BR003-DN,Business,24215859.53,47450045.35,2020-11-05,False
ACC0773,Customer_0773,BR002-HN,Business,23300587.85,86522435.05,2022-08-26,False
ACC0774,Customer_0774,BR001-HCM,Business,15317515.46,72496415.43,2022-09-18,True
ACC0775,Customer_0775,BR002-HN,Business,34431918.37,79953533.35,2022-02-05,True
ACC0776,Customer_0776,BR001-HCM,Checking,49189129.06,62651084.76,2021-10-20,False
ACC0777,Customer_0777,BR002-HN,Business,6283809.59,78234393.71,2022-12-28,True
ACC0778,Customer_0778,BR001-HCM,Checking,20986543.61,49705443.44,2021-06-15,True
ACC0779,Customer_0779,BR002-HN,Business,15464755.78,11223127.23,2020-04-03,False
ACC0780,Customer_0780,BR005-HP,Savings,40051751.28,90495580.06,2021-04-11,False
ACC0781,Customer_0781,BR005-HP,Checking,38888893.86,14329504.79,2020-09-22,True
ACC0782,Customer_0782,BR002-HN,Business,2309350.58,38758821.57,2024-02-01,True
ACC0783,Customer_0783,BR001-HCM,Business,42482139.2,87187509.3,2022-08-02,True
ACC0784,Customer_0784,BR005-HP,Business,37404958.9,2248026.12,2022-11-07,True
ACC0785,Customer_0785,BR002-HN,Savings,14685085.17,53227580.58,2023-11-04,True
ACC0786,Customer_0786,BR002-HN,Savings,14045025.85,1525671.75,2024-09-17,True
ACC0787,Customer_0787,BR002-HN,Business,17840747.83,31848491.19,2021-12-26,True
ACC0788,Customer_0788,BR005-HP,Savings,8978111.29,31137755.97,2022-09-15,True
ACC0789,Customer_0789,BR002-HN,Savings,23801411.16,67549593.78,2020-07-02,True
ACC0790,Customer_0790,BR004-CT,Checking,9359658.17,59612136.25,2024-11-27,False
ACC0791,Customer_0791,BR005-HP,Checking,15965812.23,81744197.9,2024-02-25,False
ACC0792,Customer_0792,BR005-HP,Savings,5099350.63,80235049.81,2023-02-15,True
ACC0793,Customer_0793,BR004-CT,Checking,11968863.58,22379445.39,2024-05-12,False
ACC0794,Customer_0794,BR002-HN,Business,45904588.88,33032795.63,2022-08-16,True
ACC0795,Customer_0795,BR001-HCM,Checking,6087909.34,47865208.58,2021-05-25,True
ACC0796,Customer_0796,BR005-HP,Business,6806003.1,10293221.03,2020-06-18,True
ACC0797,Customer_0797,BR003-DN,Business,23318255.21,59053595.67,2021-10-08,True
ACC0798,Customer_0798,BR004-CT,Checking,3769966.77,20823814.58,2024-07-26,False
ACC0799,Customer_0799,BR005-HP,Checking,27454080.57,23615431.91,2020-12-23,False
ACC0800,Customer_0800,BR001-HCM,Business,30005736.93,32537809.43,2020-08-06,True
ACC0801,Customer_0801,BR004-CT,Savings,30113829.49,68550868.19,2024-07-11,False
ACC0802,Customer_0802,BR001-HCM,Savings,11271782.79,13891673.75,2024-11-26,True
ACC0803,Customer_0803,BR002-HN,Business,7886213.37,53125582.11,2023-10-19,False
ACC0804,Customer_0804,BR002-HN,Savings,34235081.01,31659771.73,2024-11-10,False
ACC0805,Customer_0805,BR003-DN,Savings,29344985.4,61149075.62,2024-07-28,True
ACC0806,Customer_0806,BR003-DN,Savings,18776533.23,54888513.66,2020-01-23,True
ACC0807,Customer_0807,BR001-HCM,Checking,43351142.02,23524117.05,2024-07-21,True
ACC0808,Customer_0808,BR004-CT,Checking,19387469.73,54511878.8,2021-08-05,True
ACC0809,Customer_0809,BR005-HP,Checking,42244719.7,36028788.86,2023-03-10,True
ACC0810,Customer_0810,BR002-HN,Savings,4051426.83,1570779.94,2023-11-14,True
ACC0811,Customer_0811,BR001-HCM,Savings,32291023.53,41585546.63,2023-12-20,False
ACC0812,Customer_0812,BR005-HP,Savings,22992520.78,42412468.46,2023-07-12,True
ACC0813,Customer_0813,BR002-HN,Checking,30426376.24,57793850.08,2021-12-17,True
ACC0814,Customer_0814,BR004-CT,Business,29029441.48,3346187.61,2020-10-16,True
ACC0815,Customer_0815,BR001-HCM,Business,24335878.98,69049726.49,2021-12-24,True
ACC0816,Customer_0816,BR004-CT,Business,4372612.8,88991547.83,2020-04-16,True
ACC0817,Customer_0817,BR005-HP,Business,15968736.21,5277427.21,2022-09-25,True
ACC0818,Customer_0818,BR004-CT,Checking,25876823.96,46923239.21,2022-07-12,True
ACC0819,Customer_0819,BR003-DN,Savings,2248648.89,92286451.61,2022-12-26,True
ACC0820,Customer_0820,BR001-HCM,Business,23921446.33,16907924.1,2020-11-10,True
ACC0821,Customer_0821,BR003-DN,Checking,4584253.26,50559610.93,2022-05-05,True
ACC0822,Customer_0822,BR003-DN,Checking,1203049.0,11154940.43,2021-10-24,True
ACC0823,Customer_0823,BR004-CT,Checking,40488114.22,26125258.79,2021-08-06,True
ACC0824,Customer_0824,BR003-DN,Savings,48383608.87,59554409.19,2021-08-25,False
ACC0825,Customer_0825,BR004-CT,Savings,33203030.79,72599909.18,2021-04-19,True
ACC0826,Customer_0826,BR001-HCM,Business,13587577.05,81953100.95,2020-03-15,False
ACC0827,Customer_0827,BR004-CT,Checking,24075178.91,94825177.46,2024-04-13,False
ACC0828,Customer_0828,BR004-CT,Checking,7684916.63,87027773.58,2020-05-26,False
ACC0829,Customer_0829,BR004-CT,Business,16126586.92,53025342.29,2020-02-18,True
ACC0830,Customer_0830,BR004-CT,Business,45943079.81,85835567.32,2022-05-09,True
ACC0831,Customer_0831,BR003-DN,Business,29416753.28,46110859.34,2021-12-22,True
ACC0832,Customer_0832,BR005-HP,Checking,34047048.93,99321484.7,2022-09-01,True
ACC0833,Customer_0833,BR001-HCM,Savings,20856813.95,52526426.39,2023-06-08,True
ACC0834,Customer_0834,BR003-DN,Savings,2185067.25,61939722.37,2020-10-22,True
ACC0835,Customer_0835,BR005-HP,Business,6528611.5,95779533.77,2020-10-05,False
ACC0836,Customer_0836,BR005-HP,Savings,44852080.7,69565363.37,2022-05-15,True
ACC0837,Customer_0837,BR004-CT,Checking,38583276.93,69222149.18,2022-05-06,True
ACC0838,Customer_0838,BR003-DN,Savings,19448550.62,33265473.69,2020-05-27,True
ACC0839,Customer_0839,BR002-HN,Checking,3935224.83,97942198.01,2021-10-13,True
ACC0840,Customer_0840,BR004-CT,Savings,7621693.72,76870732.33,2021-10-21,True
ACC0841,Customer_0841,BR004-CT,Business,13320314.7,3486089.46,2020-10-24,True
ACC0842,Customer_0842,BR004-CT,Savings,44877363.45,14885427.54,2020-01-22,False
ACC0843,Customer_0843,BR003-DN,Savings,35152732.37,90461754.35,2024-01-17,False
ACC0844,Customer_0844,BR004-CT,Checking,20493681.21,72776742.12,2020-09-08,True
ACC0845,Customer_0845,BR004-CT,Business,40989844.64,48206634.16,2024-09-12,True
ACC0846,Customer_0846,BR003-DN,Checking,3232136.32,99701579.63,2020-06-18,True
ACC0847,Customer_0847,BR001-HCM,Checking,38142427.5,28995866.81,2021-03-18,True
ACC0848,Customer_0848,BR004-CT,Business,9954656.47,69588227.86,2020-11-23,True
ACC0849,Customer_0849,BR004-CT,Savings,44318100.66,43798374.93,2021-03-02,True
ACC0850,Customer_0850,BR001-HCM,Business,49820986.2,23848513.13,2023-02-26,True
ACC0851,Customer_0851,BR004-CT,Business,48265215.38,81177808.68,2020-01-11,True
ACC0852,Customer_0852,BR003-DN,Business,2619319.41,11818710.87,2024-08-22,True
ACC0853,Customer_0853,BR005-HP,Savings,46278382.68,3687766.74,2021-08-21,True
ACC0854,Customer_0854,BR004-CT,Business,2767183.83,70129681.12,2021-01-06,True
ACC0855,Customer_0855,BR003-DN,Savings,23081137.35,17068938.79,2024-02-27,True
ACC0856,Customer_0856,BR001-HCM,Checking,29951381.65,61562852.73,2020-04-14,True
ACC0857,Customer_0857,BR004-CT,Checking,6479720.76,68408838.34,2024-03-11,True
ACC0858,Customer_0858,BR001-HCM,Business,9085658.61,6322188.77,2022-03-25,False
ACC0859,Customer_0859,BR002-HN,Business,18811403.5,16500612.68,2021-10-02,True
ACC0860,Customer_0860,BR001-HCM,Business,30815854.51,77766163.76,2020-08-03,True
ACC0861,Customer_0861,BR001-HCM,Savings,46343779.34,70674124.85,2024-05-14,False
ACC0862,Customer_0862,BR002-HN,Savings,7582849.13,27094974.76,2023-07-08,True
ACC0863,Customer_0863,BR005-HP,Business,2362249.99,18000046.7,2023-10-03,True
ACC0864,Customer_0864,BR003-DN,Checking,726217.04,23563900.73,2020-09-04,True
ACC0865,Customer_0865,BR005-HP,Business,11354168.62,77033128.31,2021-05-02,True
ACC0866,Customer_0866,BR001-HCM,Savings,34419565.84,96857383.78,2023-08-06,True
ACC0867,Customer_0867,BR001-HCM,Savings,32420611.41,28506452.0,2023-05-11,False
ACC0868,Customer_0868,BR001-HCM,Savings,37150635.8,92486134.57,2021-03-26,True
ACC0869,Customer_0869,BR004-CT,Business,6245221.73,89507917.49,2023-10-19,True
ACC0870,Customer_0870,BR004-CT,Savings,37480794.3,89837275.69,2021-02-11,True
ACC0871,Customer_0871,BR001-HCM,Savings,37018519.37,86988630.29,2023-04-03,False
ACC0872,Customer_0872,BR005-HP,Checking,3189798.12,43586506.06,2021-10-15,True
ACC0873,Customer_0873,BR004-CT,Checking,7252028.42,71982121.61,2022-05-07,True
ACC0874,Customer_0874,BR002-HN,Savings,34764421.21,5965171.96,2021-02-28,False
ACC0875,Customer_0875,BR004-CT,Checking,8974465.18,34357600.82,2022-10-06,True
ACC0876,Customer_0876,BR005-HP,Business,42822699.08,8647433.23,2024-08-28,True
ACC0877,Customer_0877,BR005-HP,Checking,41930956.8,27917087.83,2023-12-28,True
ACC0878,Customer_0878,BR002-HN,Checking,21995311.64,22240661.0,2024-03-19,True
ACC0879,Customer_0879,BR004-CT,Savings,2482904.65,47065263.04,2024-01-14,False
ACC0880,Customer_0880,BR004-CT,Business,41153920.38,45244136.82,2021-02-18,True
ACC0881,Customer_0881,BR004-CT,Savings,7069244.09,29579042.82,2020-01-16,True
ACC0882,Customer_0882,BR002-HN,Business,23234500.42,57038079.76,2024-01-15,False
ACC0883,Customer_0883,BR002-HN,Business,20565338.43,78985871.28,2022-11-15,True
ACC0884,Customer_0884,BR001-HCM,Checking,44725004.79,33290613.84,2020-05-14,True
ACC0885,Customer_0885,BR005-HP,Business,28973853.69,20714642.69,2020-10-11,True
ACC0886,Customer_0886,BR005-HP,Business,18517530.84,5156257.83,2023-06-15,True
ACC0887,Customer_0887,BR003-DN,Checking,9175736.46,55879045.8,2020-09-23,True
ACC0888,Customer_0888,BR002-HN,Checking,12312318.92,11355767.88,2023-12-25,True
ACC0889,Customer_0889,BR002-HN,Checking,17959227.63,26735785.23,2023-05-02,True
ACC0890,Customer_0890,BR003-DN,Checking,22894327.15,50145009.55,2020-08-23,True
ACC0891,Customer_0891,BR004-CT,Business,18723219.66,67330647.96,2020-04-15,True
ACC0892,Customer_0892,BR001-HCM,Checking,44948320.06,28837268.77,2020-02-06,True
ACC0893,Customer_0893,BR001-HCM,Business,7823725.13,15049806.89,2021-09-21,True
ACC0894,Customer_0894,BR003-DN,Checking,48493942.97,54143495.81,2021-08-12,False
ACC0895,Customer_0895,BR004-CT,Business,32411879.86,29151679.72,2020-01-28,True
ACC0896,Customer_0896,BR005-HP,Business,17125929.79,57870460.56,2022-08-19,False
ACC0897,Customer_0897,BR004-CT,Checking,28578957.22,89828192.29,2022-03-26,True
ACC0898,Customer_0898,BR002-HN,Checking,18909164.67,28814629.29,2020-03-12,True
ACC0899,Customer_0899,BR004-CT,Savings,31122196.38,16078988.25,2024-05-06,True
ACC0900,Customer_0900,BR002-HN,Savings,12276313.56,4115145.65,2022-10-05,False
ACC0901,Customer_0901,BR003-DN,Checking,9632580.86,56248724.24,2020-11-11,True
ACC0902,Customer_0902,BR002-HN,Checking,22697240.29,97546567.89,2024-05-04,True
ACC0903,Customer_0903,BR004-CT,Checking,38541649.21,94778905.41,2022-03-01,True
ACC0904,Customer_0904,BR003-DN,Checking,44850884.0,96960555.72,2024-11-05,False
ACC0905,Customer_0905,BR003-DN,Business,6059623.34,47898123.34,2020-03-22,True
ACC0906,Customer_0906,BR003-DN,Savings,20380681.14,84087691.62,2023-06-03,True
ACC0907,Customer_0907,BR001-HCM,Business,32244976.31,58343144.15,2021-05-07,True
ACC0908,Customer_0908,BR001-HCM,Business,42547843.74,67706338.82,2020-09-13,True
ACC0909,Customer_0909,BR004-CT,Checking,30357007.79,51155584.26,2020-11-12,False
ACC0910,Customer_0910,BR002-HN,Business,42763301.46,36962996.71,2022-01-10,True
ACC0911,Customer_0911,BR003-DN,Checking,48887419.6,87430173.58,2020-04-24,False
ACC0912,Customer_0912,BR004-CT,Checking,14787383.91,80567278.51,2023-12-14,True
ACC0913,Customer_0913,BR005-HP,Business,4760859.73,20778379.07,2023-09-11,True
ACC0914,Customer_0914,BR005-HP,Checking,4878189.79,40946063.88,2022-07-06,False
ACC0915,Customer_0915,BR005-HP,Savings,10363249.29,83228372.32,2022-09-16,True
ACC0916,Customer_0916,BR003-DN,Business,15543761.77,55928105.67,2023-04-01,True
ACC0917,Customer_0917,BR002-HN,Checking,15358385.7,64055520.92,2023-02-21,True
ACC0918,Customer_0918,BR004-CT,Savings,24848381.91,68784318.6,2021-01-04,True
ACC0919,Customer_0919,BR004-CT,Savings,30145120.51,36175951.05,2023-10-14,True
ACC0920,Customer_0920,BR004-CT,Business,41004899.33,37320221.6,2024-01-28,True
ACC0921,Customer_0921,BR002-HN,Business,3396264.5,31968111.14,2021-06-06,True
ACC0922,Customer_0922,BR003-DN,Checking,21265943.26,91210462.12,2022-01-10,True
ACC0923,Customer_0923,BR005-HP,Business,46847692.48,51386649.31,2021-02-20,True
ACC0924,Customer_0924,BR005-HP,Checking,43685935.16,82682199.66,2022-05-22,True
ACC0925,Customer_0925,BR001-HCM,Business,29212308.75,82331481.68,2020-03-17,True
ACC0926,Customer_0926,BR003-DN,Checking,20893727.97,92090737.75,2021-02-07,True
ACC0927,Customer_0927,BR005-HP,Savings,41662890.96,79510673.8,2024-10-23,True
ACC0928,Customer_0928,BR004-CT,Checking,45843542.42,11656565.08,2021-01-16,True
ACC0929,Customer_0929,BR003-DN,Business,18447144.0,81703870.33,2024-09-25,True
ACC0930,Customer_0930,BR002-HN,Business,15581870.83,74446021.63,2020-04-05,True
ACC0931,Customer_0931,BR002-HN,Checking,6704536.97,13021825.24,2020-07-23,True
ACC0932,Customer_0932,BR001-HCM,Savings,38847269.25,75733403.44,2020-04-04,True
ACC0933,Customer_0933,BR005-HP,Business,3433629.24,11892221.8,2022-01-03,True
ACC0934,Customer_0934,BR001-HCM,Savings,39227355.3,92009807.08,2021-10-07,True
ACC0935,Customer_0935,BR003-DN,Savings,4993576.0,84586152.25,2022-10-12,True
ACC0936,Customer_0936,BR002-HN,Business,39149705.74,61295642.88,2024-10-03,True
ACC0937,Customer_0937,BR005-HP,Savings,26677517.65,71581163.4,2022-03-25,True
ACC0938,Customer_0938,BR001-HCM,Savings,46063620.31,85129681.01,2023-06-23,True
ACC0939,Customer_0939,BR004-CT,Business,47908512.93,18084853.76,2022-07-14,True
ACC0940,Customer_0940,BR005-HP,Savings,20675109.51,76140944.65,2022-02-15,True
ACC0941,Customer_0941,BR005-HP,Savings,25042893.01,36125045.79,2022-09-24,True
ACC0942,Customer_0942,BR001-HCM,Checking,24938783.53,38478111.69,2023-10-24,True
ACC0943,Customer_0943,BR004-CT,Savings,27918836.61,29058932.5,2023-04-28,True
ACC0944,Customer_0944,BR004-CT,Business,18688349.04,1278584.45,2023-11-04,False
ACC0945,Customer_0945,BR004-CT,Business,33098139.03,8500591.01,2021-07-13,True
ACC0946,Customer_0946,BR002-HN,Savings,18503644.68,19908638.55,2021-10-28,False
ACC0947,Customer_0947,BR001-HCM,Savings,41986402.0,72520050.03,2022-12-25,True
ACC0948,Customer_0948,BR004-CT,Checking,24053401.02,60316543.24,2023-08-17,True
ACC0949,Customer_0949,BR002-HN,Checking,5847815.07,25068986.04,2023-04-21,True
ACC0950,Customer_0950,BR001-HCM,Savings,37021018.62,83031246.86,2023-11-01,True
ACC0951,Customer_0951,BR004-CT,Business,34120615.92,15273665.12,2024-10-04,True
ACC0952,Customer_0952,BR005-HP,Checking,39740205.05,20193175.45,2023-08-17,True
ACC0953,Customer_0953,BR005-HP,Checking,40569339.07,54052898.7,2020-01-14,True
ACC0954,Customer_0954,BR004-CT,Checking,16070680.29,37633656.3,2023-01-02,True
ACC0955,Customer_0955,BR005-HP,Business,43087854.78,30304457.16,2021-08-14,True
ACC0956,Customer_0956,BR003-DN,Business,19759484.3,76401113.8,2024-11-16,False
ACC0957,Customer_0957,BR004-CT,Business,42790397.74,50668504.88,2023-05-16,False
ACC0958,Customer_0958,BR005-HP,Business,17961806.63,97778294.45,2022-01-01,True
ACC0959,Customer_0959,BR002-HN,Checking,17769401.0,74205713.41,2020-11-11,False
ACC0960,Customer_0960,BR001-HCM,Checking,17584579.86,35736608.07,2022-01-22,True
ACC0961,Customer_0961,BR002-HN,Savings,32580099.83,59253166.68,2020-05-04,True
ACC0962,Customer_0962,BR002-HN,Savings,27151632.23,3737762.17,2023-10-17,False
ACC0963,Customer_0963,BR003-DN,Savings,34949944.58,58798923.36,2022-07-19,False
ACC0964,Customer_0964,BR003-DN,Business,5337420.82,48835861.76,2021-06-16,True
ACC0965,Customer_0965,BR002-HN,Business,15326284.43,96942775.28,2021-08-21,True
ACC0966,Customer_0966,BR005-HP,Savings,14724100.17,4753136.11,2024-07-26,True
ACC0967,Customer_0967,BR005-HP,Business,47918082.64,71770684.3,2024-02-19,True
ACC0968,Customer_0968,BR003-DN,Savings,28538200.59,53106365.71,2023-04-12,True
ACC0969,Customer_0969,BR003-DN,Business,40304272.24,43291048.45,2024-06-07,False
ACC0970,Customer_0970,BR004-CT,Checking,31435711.86,45322860.53,2024-03-01,True
ACC0971,Customer_0971,BR005-HP,Checking,11041163.85,96211707.46,2023-05-21,False
ACC0972,Customer_0972,BR005-HP,Business,31524544.34,52226958.57,2022-08-05,True
ACC0973,Customer_0973,BR002-HN,Business,34422678.52,30027567.48,2023-07-11,True
ACC0974,Customer_0974,BR002-HN,Checking,13713270.55,28704459.7,2021-05-22,True
ACC0975,Customer_0975,BR004-CT,Savings,6121149.54,19191601.15,2021-05-15,False
ACC0976,Customer_0976,BR005-HP,Checking,21389946.88,90565562.28,2021-03-09,True
ACC0977,Customer_0977,BR001-HCM,Checking,39588657.08,27777199.19,2024-03-21,True
ACC0978,Customer_0978,BR004-CT,Savings,3238700.01,89650547.57,2022-10-10,True
ACC0979,Customer_0979,BR004-CT,Checking,33747767.64,88571935.21,2023-12-27,True
ACC0980,Customer_0980,BR002-HN,Savings,28763182.28,50024852.85,2020-09-22,True
ACC0981,Customer_0981,BR004-CT,Savings,12284804.33,12227683.35,2022-06-27,False
ACC0982,Customer_0982,BR002-HN,Checking,11291415.07,10681401.32,2021-05-15,False
ACC0983,Customer_0983,BR003-DN,Business,3268307.43,53346997.03,2020-06-18,False
ACC0984,Customer_0984,BR004-CT,Business,12694161.13,27773376.46,2021-06-16,True
ACC0985,Customer_0985,BR003-DN,Savings,32447180.62,90522943.14,2020-12-22,True
ACC0986,Customer_0986,BR002-HN,Checking,27860031.21,30926850.17,2022-11-04,True
ACC0987,Customer_0987,BR004-CT,Checking,889372.26,96074796.76,2022-05-03,True
ACC0988,Customer_0988,BR003-DN,Savings,43041128.5,16022723.11,2023-11-11,False
ACC0989,Customer_0989,BR001-HCM,Checking,43389007.12,82319778.04,2023-08-24,False
ACC0990,Customer_0990,BR003-DN,Business,21407116.99,91854619.85,2020-03-23,True
ACC0991,Customer_0991,BR005-HP,Savings,17916889.16,60211594.2,2024-12-11,False
ACC0992,Customer_0992,BR001-HCM,Savings,32247953.46,18373962.22,2023-11-05,True
ACC0993,Customer_0993,BR004-CT,Savings,31600665.53,31372180.27,2020-02-06,True
ACC0994,Customer_0994,BR005-HP,Business,48498397.05,83062138.15,2021-10-22,False
ACC0995,Customer_0995,BR003-DN,Checking,24179091.26,73517210.88,2022-03-22,True
ACC0996,Customer_0996,BR003-DN,Savings,4677748.06,36759956.32,2023-07-27,True
ACC0997,Customer_0997,BR001-HCM,Savings,46194061.42,64710668.93,2021-02-15,True
ACC0998,Customer_0998,BR003-DN,Business,42665628.12,4978296.46,2024-07-20,True
ACC0999,Customer_0999,BR002-HN,Savings,47922626.77,17012288.38,2024-02-01,False
ACC1000,Customer_1000,BR004-CT,Business,24960376.99,22448394.98,2021-04-28,True
